emailId,indicator
email-1,ContainsLink
email-2,ContainsLink
email-2,HasAttachment
email-3,HasAttachment
email-4,HasAttachment
email-6,PhishingEmailLabel
email-6,ContainsLink
email-6,UrgentLanguage
email-7,HasAttachment
email-9,PhishingEmailLabel
email-9,ContainsLink
email-9,HasAttachment
email-9,UrgentLanguage
email-10,HasAttachment
email-11,PhishingEmailLabel
email-11,ContainsLink
email-11,HasAttachment
email-11,UrgentLanguage
email-12,PhishingEmailLabel
email-12,ContainsLink
email-12,HasAttachment
email-12,UrgentLanguage
email-13,ContainsLink
email-15,PhishingEmailLabel
email-15,ContainsLink
email-15,HasAttachment
email-15,UrgentLanguage
email-16,PhishingEmailLabel
email-16,ContainsLink
email-16,HasAttachment
email-16,UrgentLanguage
email-18,ContainsLink
email-18,HasAttachment
email-20,PhishingEmailLabel
email-20,ContainsLink
email-20,HasAttachment
email-20,UrgentLanguage
email-22,PhishingEmailLabel
email-22,ContainsLink
email-22,HasAttachment
email-22,UrgentLanguage
email-23,PhishingEmailLabel
email-23,ContainsLink
email-23,HasAttachment
email-23,UrgentLanguage
email-24,PhishingEmailLabel
email-24,ContainsLink
email-24,UrgentLanguage
email-25,PhishingEmailLabel
email-25,ContainsLink
email-25,UrgentLanguage
email-26,HasAttachment
email-27,PhishingEmailLabel
email-27,ContainsLink
email-27,HasAttachment
email-27,UrgentLanguage
email-28,PhishingEmailLabel
email-28,ContainsLink
email-28,UrgentLanguage
email-29,PhishingEmailLabel
email-29,ContainsLink
email-29,UrgentLanguage
email-31,PhishingEmailLabel
email-31,ContainsLink
email-31,HasAttachment
email-31,UrgentLanguage
email-32,PhishingEmailLabel
email-32,ContainsLink
email-32,HasAttachment
email-32,UrgentLanguage
email-34,PhishingEmailLabel
email-34,ContainsLink
email-34,HasAttachment
email-34,UrgentLanguage
email-35,ContainsLink
email-36,HasAttachment
email-37,HasAttachment
email-38,PhishingEmailLabel
email-38,ContainsLink
email-38,HasAttachment
email-38,UrgentLanguage
email-40,HasAttachment
email-41,PhishingEmailLabel
email-41,ContainsLink
email-41,UrgentLanguage
email-42,PhishingEmailLabel
email-42,ContainsLink
email-42,UrgentLanguage
email-43,PhishingEmailLabel
email-43,ContainsLink
email-43,HasAttachment
email-43,UrgentLanguage
email-46,PhishingEmailLabel
email-46,ContainsLink
email-46,HasAttachment
email-46,UrgentLanguage
email-47,PhishingEmailLabel
email-47,ContainsLink
email-47,UrgentLanguage
email-48,ContainsLink
email-48,HasAttachment
email-49,PhishingEmailLabel
email-49,ContainsLink
email-49,HasAttachment
email-49,UrgentLanguage
email-51,ContainsLink
email-51,HasAttachment
email-52,ContainsLink
email-53,PhishingEmailLabel
email-53,ContainsLink
email-53,UrgentLanguage
email-54,PhishingEmailLabel
email-54,ContainsLink
email-54,UrgentLanguage
email-55,HasAttachment
email-56,ContainsLink
email-57,HasAttachment
email-58,PhishingEmailLabel
email-58,ContainsLink
email-58,HasAttachment
email-58,UrgentLanguage
email-60,ContainsLink
email-61,ContainsLink
email-62,PhishingEmailLabel
email-62,ContainsLink
email-62,HasAttachment
email-62,UrgentLanguage
email-63,PhishingEmailLabel
email-63,ContainsLink
email-63,HasAttachment
email-63,UrgentLanguage
email-64,PhishingEmailLabel
email-64,ContainsLink
email-64,HasAttachment
email-64,UrgentLanguage
email-65,PhishingEmailLabel
email-65,ContainsLink
email-65,UrgentLanguage
email-66,PhishingEmailLabel
email-66,ContainsLink
email-66,UrgentLanguage
email-67,ContainsLink
email-67,HasAttachment
email-68,PhishingEmailLabel
email-68,ContainsLink
email-68,HasAttachment
email-68,UrgentLanguage
email-69,PhishingEmailLabel
email-69,ContainsLink
email-69,HasAttachment
email-69,UrgentLanguage
email-70,PhishingEmailLabel
email-70,ContainsLink
email-70,UrgentLanguage
email-71,ContainsLink
email-72,ContainsLink
email-73,HasAttachment
email-74,ContainsLink
email-74,HasAttachment
email-75,PhishingEmailLabel
email-75,ContainsLink
email-75,HasAttachment
email-75,UrgentLanguage
email-76,PhishingEmailLabel
email-76,ContainsLink
email-76,UrgentLanguage
email-77,PhishingEmailLabel
email-77,ContainsLink
email-77,HasAttachment
email-77,UrgentLanguage
email-78,ContainsLink
email-79,PhishingEmailLabel
email-79,ContainsLink
email-79,HasAttachment
email-79,UrgentLanguage
email-80,PhishingEmailLabel
email-80,ContainsLink
email-80,HasAttachment
email-80,UrgentLanguage
email-81,PhishingEmailLabel
email-81,ContainsLink
email-81,HasAttachment
email-81,UrgentLanguage
email-82,PhishingEmailLabel
email-82,ContainsLink
email-82,UrgentLanguage
email-83,ContainsLink
email-84,PhishingEmailLabel
email-84,ContainsLink
email-84,HasAttachment
email-84,UrgentLanguage
email-86,PhishingEmailLabel
email-86,ContainsLink
email-86,UrgentLanguage
email-87,PhishingEmailLabel
email-87,ContainsLink
email-87,UrgentLanguage
email-88,PhishingEmailLabel
email-88,ContainsLink
email-88,UrgentLanguage
email-89,PhishingEmailLabel
email-89,ContainsLink
email-89,UrgentLanguage
email-90,PhishingEmailLabel
email-90,ContainsLink
email-90,HasAttachment
email-90,UrgentLanguage
email-91,ContainsLink
email-92,PhishingEmailLabel
email-92,ContainsLink
email-92,HasAttachment
email-92,UrgentLanguage
email-93,PhishingEmailLabel
email-93,ContainsLink
email-93,HasAttachment
email-93,UrgentLanguage
email-94,HasAttachment
email-96,PhishingEmailLabel
email-96,ContainsLink
email-96,HasAttachment
email-96,UrgentLanguage
email-97,PhishingEmailLabel
email-97,ContainsLink
email-97,UrgentLanguage
email-98,ContainsLink
email-98,HasAttachment
email-99,PhishingEmailLabel
email-99,ContainsLink
email-99,HasAttachment
email-99,UrgentLanguage
email-100,ContainsLink
email-100,HasAttachment
email-101,ContainsLink
email-101,HasAttachment
email-102,PhishingEmailLabel
email-102,ContainsLink
email-102,UrgentLanguage
email-103,PhishingEmailLabel
email-103,ContainsLink
email-103,UrgentLanguage
email-105,PhishingEmailLabel
email-105,ContainsLink
email-105,HasAttachment
email-105,UrgentLanguage
email-106,ContainsLink
email-108,PhishingEmailLabel
email-108,ContainsLink
email-108,HasAttachment
email-108,UrgentLanguage
email-109,PhishingEmailLabel
email-109,ContainsLink
email-109,HasAttachment
email-109,UrgentLanguage
email-110,PhishingEmailLabel
email-110,ContainsLink
email-110,UrgentLanguage
email-111,ContainsLink
email-111,HasAttachment
email-112,PhishingEmailLabel
email-112,ContainsLink
email-112,HasAttachment
email-112,UrgentLanguage
email-113,PhishingEmailLabel
email-113,ContainsLink
email-113,UrgentLanguage
email-114,PhishingEmailLabel
email-114,ContainsLink
email-114,UrgentLanguage
email-115,HasAttachment
email-116,PhishingEmailLabel
email-116,ContainsLink
email-116,HasAttachment
email-116,UrgentLanguage
email-117,PhishingEmailLabel
email-117,ContainsLink
email-117,HasAttachment
email-117,UrgentLanguage
email-118,PhishingEmailLabel
email-118,ContainsLink
email-118,HasAttachment
email-118,UrgentLanguage
email-119,PhishingEmailLabel
email-119,ContainsLink
email-119,HasAttachment
email-119,UrgentLanguage
email-120,PhishingEmailLabel
email-120,ContainsLink
email-120,HasAttachment
email-120,UrgentLanguage
email-121,PhishingEmailLabel
email-121,ContainsLink
email-121,HasAttachment
email-121,UrgentLanguage
email-122,PhishingEmailLabel
email-122,ContainsLink
email-122,UrgentLanguage
email-123,PhishingEmailLabel
email-123,ContainsLink
email-123,HasAttachment
email-123,UrgentLanguage
email-124,PhishingEmailLabel
email-124,ContainsLink
email-124,HasAttachment
email-124,UrgentLanguage
email-125,PhishingEmailLabel
email-125,ContainsLink
email-125,HasAttachment
email-125,UrgentLanguage
email-126,HasAttachment
email-127,PhishingEmailLabel
email-127,ContainsLink
email-127,UrgentLanguage
email-128,ContainsLink
email-129,ContainsLink
email-129,HasAttachment
email-130,ContainsLink
email-131,ContainsLink
email-133,PhishingEmailLabel
email-133,ContainsLink
email-133,HasAttachment
email-133,UrgentLanguage
email-134,PhishingEmailLabel
email-134,ContainsLink
email-134,HasAttachment
email-134,UrgentLanguage
email-135,PhishingEmailLabel
email-135,ContainsLink
email-135,UrgentLanguage
email-136,ContainsLink
email-137,HasAttachment
email-138,PhishingEmailLabel
email-138,ContainsLink
email-138,UrgentLanguage
email-139,PhishingEmailLabel
email-139,ContainsLink
email-139,UrgentLanguage
email-140,PhishingEmailLabel
email-140,ContainsLink
email-140,UrgentLanguage
email-142,PhishingEmailLabel
email-142,ContainsLink
email-142,UrgentLanguage
email-143,PhishingEmailLabel
email-143,ContainsLink
email-143,UrgentLanguage
email-144,ContainsLink
email-145,PhishingEmailLabel
email-145,ContainsLink
email-145,HasAttachment
email-145,UrgentLanguage
email-146,PhishingEmailLabel
email-146,ContainsLink
email-146,UrgentLanguage
email-147,HasAttachment
email-148,PhishingEmailLabel
email-148,ContainsLink
email-148,HasAttachment
email-148,UrgentLanguage
email-149,ContainsLink
email-150,HasAttachment
email-151,ContainsLink
email-151,HasAttachment
email-152,PhishingEmailLabel
email-152,ContainsLink
email-152,UrgentLanguage
email-153,PhishingEmailLabel
email-153,ContainsLink
email-153,HasAttachment
email-153,UrgentLanguage
email-155,ContainsLink
email-155,HasAttachment
email-156,PhishingEmailLabel
email-156,ContainsLink
email-156,HasAttachment
email-156,UrgentLanguage
email-157,ContainsLink
email-157,HasAttachment
email-158,ContainsLink
email-159,ContainsLink
email-159,HasAttachment
email-160,PhishingEmailLabel
email-160,ContainsLink
email-160,UrgentLanguage
email-161,PhishingEmailLabel
email-161,ContainsLink
email-161,HasAttachment
email-161,UrgentLanguage
email-162,ContainsLink
email-162,HasAttachment
email-164,HasAttachment
email-165,PhishingEmailLabel
email-165,ContainsLink
email-165,UrgentLanguage
email-166,HasAttachment
email-167,ContainsLink
email-169,PhishingEmailLabel
email-169,ContainsLink
email-169,UrgentLanguage
email-170,PhishingEmailLabel
email-170,ContainsLink
email-170,UrgentLanguage
email-171,HasAttachment
email-172,ContainsLink
email-172,HasAttachment
email-173,PhishingEmailLabel
email-173,ContainsLink
email-173,UrgentLanguage
email-174,PhishingEmailLabel
email-174,ContainsLink
email-174,UrgentLanguage
email-175,ContainsLink
email-175,HasAttachment
email-176,PhishingEmailLabel
email-176,ContainsLink
email-176,UrgentLanguage
email-177,PhishingEmailLabel
email-177,ContainsLink
email-177,UrgentLanguage
email-178,PhishingEmailLabel
email-178,ContainsLink
email-178,UrgentLanguage
email-179,PhishingEmailLabel
email-179,ContainsLink
email-179,UrgentLanguage
email-180,PhishingEmailLabel
email-180,ContainsLink
email-180,UrgentLanguage
email-181,PhishingEmailLabel
email-181,ContainsLink
email-181,UrgentLanguage
email-182,PhishingEmailLabel
email-182,ContainsLink
email-182,HasAttachment
email-182,UrgentLanguage
email-184,HasAttachment
email-186,PhishingEmailLabel
email-186,ContainsLink
email-186,UrgentLanguage
email-187,ContainsLink
email-188,PhishingEmailLabel
email-188,ContainsLink
email-188,UrgentLanguage
email-189,PhishingEmailLabel
email-189,ContainsLink
email-189,UrgentLanguage
email-190,HasAttachment
email-191,PhishingEmailLabel
email-191,ContainsLink
email-191,HasAttachment
email-191,UrgentLanguage
email-192,PhishingEmailLabel
email-192,ContainsLink
email-192,UrgentLanguage
email-193,PhishingEmailLabel
email-193,ContainsLink
email-193,UrgentLanguage
email-195,ContainsLink
email-196,PhishingEmailLabel
email-196,ContainsLink
email-196,UrgentLanguage
email-197,PhishingEmailLabel
email-197,ContainsLink
email-197,HasAttachment
email-197,UrgentLanguage
email-198,ContainsLink
email-198,HasAttachment
email-199,HasAttachment
email-200,ContainsLink
email-200,HasAttachment
email-201,PhishingEmailLabel
email-201,ContainsLink
email-201,HasAttachment
email-201,UrgentLanguage
email-202,PhishingEmailLabel
email-202,ContainsLink
email-202,HasAttachment
email-202,UrgentLanguage
email-203,HasAttachment
email-204,PhishingEmailLabel
email-204,ContainsLink
email-204,UrgentLanguage
email-205,PhishingEmailLabel
email-205,ContainsLink
email-205,HasAttachment
email-205,UrgentLanguage
email-206,HasAttachment
email-208,PhishingEmailLabel
email-208,ContainsLink
email-208,HasAttachment
email-208,UrgentLanguage
email-209,ContainsLink
email-209,HasAttachment
email-210,HasAttachment
email-211,ContainsLink
email-211,HasAttachment
email-213,PhishingEmailLabel
email-213,ContainsLink
email-213,UrgentLanguage
email-214,ContainsLink
email-214,HasAttachment
email-215,PhishingEmailLabel
email-215,ContainsLink
email-215,HasAttachment
email-215,UrgentLanguage
email-216,PhishingEmailLabel
email-216,ContainsLink
email-216,UrgentLanguage
email-217,ContainsLink
email-217,HasAttachment
email-218,PhishingEmailLabel
email-218,ContainsLink
email-218,UrgentLanguage
email-219,PhishingEmailLabel
email-219,ContainsLink
email-219,UrgentLanguage
email-220,PhishingEmailLabel
email-220,ContainsLink
email-220,UrgentLanguage
email-221,PhishingEmailLabel
email-221,ContainsLink
email-221,HasAttachment
email-221,UrgentLanguage
email-222,PhishingEmailLabel
email-222,ContainsLink
email-222,UrgentLanguage
email-223,ContainsLink
email-226,PhishingEmailLabel
email-226,ContainsLink
email-226,HasAttachment
email-226,UrgentLanguage
email-227,ContainsLink
email-227,HasAttachment
email-228,PhishingEmailLabel
email-228,ContainsLink
email-228,HasAttachment
email-228,UrgentLanguage
email-229,HasAttachment
email-230,PhishingEmailLabel
email-230,ContainsLink
email-230,HasAttachment
email-230,UrgentLanguage
email-231,HasAttachment
email-232,HasAttachment
email-233,ContainsLink
email-233,HasAttachment
email-234,ContainsLink
email-235,PhishingEmailLabel
email-235,ContainsLink
email-235,HasAttachment
email-235,UrgentLanguage
email-236,ContainsLink
email-236,HasAttachment
email-237,HasAttachment
email-238,PhishingEmailLabel
email-238,ContainsLink
email-238,UrgentLanguage
email-239,ContainsLink
email-239,HasAttachment
email-240,HasAttachment
email-241,PhishingEmailLabel
email-241,ContainsLink
email-241,HasAttachment
email-241,UrgentLanguage
email-242,HasAttachment
email-244,PhishingEmailLabel
email-244,ContainsLink
email-244,HasAttachment
email-244,UrgentLanguage
email-245,PhishingEmailLabel
email-245,ContainsLink
email-245,HasAttachment
email-245,UrgentLanguage
email-246,PhishingEmailLabel
email-246,ContainsLink
email-246,HasAttachment
email-246,UrgentLanguage
email-247,ContainsLink
email-248,ContainsLink
email-249,ContainsLink
email-249,HasAttachment
email-251,HasAttachment
email-252,PhishingEmailLabel
email-252,ContainsLink
email-252,UrgentLanguage
email-253,ContainsLink
email-254,HasAttachment
email-256,ContainsLink
email-256,HasAttachment
email-257,ContainsLink
email-257,HasAttachment
email-258,PhishingEmailLabel
email-258,ContainsLink
email-258,HasAttachment
email-258,UrgentLanguage
email-259,PhishingEmailLabel
email-259,ContainsLink
email-259,UrgentLanguage
email-261,PhishingEmailLabel
email-261,ContainsLink
email-261,UrgentLanguage
email-262,HasAttachment
email-263,PhishingEmailLabel
email-263,ContainsLink
email-263,HasAttachment
email-263,UrgentLanguage
email-264,PhishingEmailLabel
email-264,ContainsLink
email-264,HasAttachment
email-264,UrgentLanguage
email-265,PhishingEmailLabel
email-265,ContainsLink
email-265,UrgentLanguage
email-266,ContainsLink
email-266,HasAttachment
email-267,HasAttachment
email-268,PhishingEmailLabel
email-268,ContainsLink
email-268,HasAttachment
email-268,UrgentLanguage
email-269,PhishingEmailLabel
email-269,ContainsLink
email-269,UrgentLanguage
email-270,PhishingEmailLabel
email-270,ContainsLink
email-270,HasAttachment
email-270,UrgentLanguage
email-271,ContainsLink
email-272,PhishingEmailLabel
email-272,ContainsLink
email-272,UrgentLanguage
email-273,PhishingEmailLabel
email-273,ContainsLink
email-273,HasAttachment
email-273,UrgentLanguage
email-274,ContainsLink
email-274,HasAttachment
email-275,ContainsLink
email-276,PhishingEmailLabel
email-276,ContainsLink
email-276,HasAttachment
email-276,UrgentLanguage
email-277,ContainsLink
email-277,HasAttachment
email-278,PhishingEmailLabel
email-278,ContainsLink
email-278,HasAttachment
email-278,UrgentLanguage
email-279,ContainsLink
email-280,HasAttachment
email-281,HasAttachment
email-284,ContainsLink
email-285,PhishingEmailLabel
email-285,ContainsLink
email-285,UrgentLanguage
email-286,HasAttachment
email-287,ContainsLink
email-287,HasAttachment
email-288,ContainsLink
email-288,HasAttachment
email-289,HasAttachment
email-290,ContainsLink
email-290,HasAttachment
email-291,PhishingEmailLabel
email-291,ContainsLink
email-291,HasAttachment
email-291,UrgentLanguage
email-292,PhishingEmailLabel
email-292,ContainsLink
email-292,HasAttachment
email-292,UrgentLanguage
email-293,ContainsLink
email-293,HasAttachment
email-294,HasAttachment
email-296,PhishingEmailLabel
email-296,ContainsLink
email-296,UrgentLanguage
email-298,PhishingEmailLabel
email-298,ContainsLink
email-298,HasAttachment
email-298,UrgentLanguage
email-299,ContainsLink
email-299,HasAttachment
email-300,ContainsLink
email-300,HasAttachment
email-301,PhishingEmailLabel
email-301,ContainsLink
email-301,UrgentLanguage
email-302,PhishingEmailLabel
email-302,ContainsLink
email-302,HasAttachment
email-302,UrgentLanguage
email-303,PhishingEmailLabel
email-303,ContainsLink
email-303,UrgentLanguage
email-304,PhishingEmailLabel
email-304,ContainsLink
email-304,UrgentLanguage
email-305,PhishingEmailLabel
email-305,ContainsLink
email-305,UrgentLanguage
email-308,PhishingEmailLabel
email-308,ContainsLink
email-308,HasAttachment
email-308,UrgentLanguage
email-310,PhishingEmailLabel
email-310,ContainsLink
email-310,HasAttachment
email-310,UrgentLanguage
email-311,PhishingEmailLabel
email-311,ContainsLink
email-311,UrgentLanguage
email-312,ContainsLink
email-313,HasAttachment
email-314,PhishingEmailLabel
email-314,ContainsLink
email-314,HasAttachment
email-314,UrgentLanguage
email-315,HasAttachment
email-316,PhishingEmailLabel
email-316,ContainsLink
email-316,UrgentLanguage
email-317,PhishingEmailLabel
email-317,ContainsLink
email-317,HasAttachment
email-317,UrgentLanguage
email-318,PhishingEmailLabel
email-318,ContainsLink
email-318,HasAttachment
email-318,UrgentLanguage
email-319,ContainsLink
email-320,PhishingEmailLabel
email-320,ContainsLink
email-320,UrgentLanguage
email-321,HasAttachment
email-322,PhishingEmailLabel
email-322,ContainsLink
email-322,UrgentLanguage
email-323,PhishingEmailLabel
email-323,ContainsLink
email-323,HasAttachment
email-323,UrgentLanguage
email-324,PhishingEmailLabel
email-324,ContainsLink
email-324,HasAttachment
email-324,UrgentLanguage
email-325,PhishingEmailLabel
email-325,ContainsLink
email-325,UrgentLanguage
email-326,PhishingEmailLabel
email-326,ContainsLink
email-326,UrgentLanguage
email-327,PhishingEmailLabel
email-327,ContainsLink
email-327,UrgentLanguage
email-328,PhishingEmailLabel
email-328,ContainsLink
email-328,UrgentLanguage
email-330,HasAttachment
email-331,HasAttachment
email-332,ContainsLink
email-332,HasAttachment
email-333,HasAttachment
email-334,ContainsLink
email-334,HasAttachment
email-335,ContainsLink
email-335,HasAttachment
email-336,PhishingEmailLabel
email-336,ContainsLink
email-336,UrgentLanguage
email-337,ContainsLink
email-337,HasAttachment
email-338,ContainsLink
email-338,HasAttachment
email-339,PhishingEmailLabel
email-339,ContainsLink
email-339,UrgentLanguage
email-340,PhishingEmailLabel
email-340,ContainsLink
email-340,HasAttachment
email-340,UrgentLanguage
email-341,PhishingEmailLabel
email-341,ContainsLink
email-341,HasAttachment
email-341,UrgentLanguage
email-342,PhishingEmailLabel
email-342,ContainsLink
email-342,HasAttachment
email-342,UrgentLanguage
email-343,ContainsLink
email-344,ContainsLink
email-346,HasAttachment
email-347,PhishingEmailLabel
email-347,ContainsLink
email-347,HasAttachment
email-347,UrgentLanguage
email-349,ContainsLink
email-349,HasAttachment
email-351,PhishingEmailLabel
email-351,ContainsLink
email-351,HasAttachment
email-351,UrgentLanguage
email-352,PhishingEmailLabel
email-352,ContainsLink
email-352,UrgentLanguage
email-353,PhishingEmailLabel
email-353,ContainsLink
email-353,UrgentLanguage
email-354,PhishingEmailLabel
email-354,ContainsLink
email-354,HasAttachment
email-354,UrgentLanguage
email-356,PhishingEmailLabel
email-356,ContainsLink
email-356,HasAttachment
email-356,UrgentLanguage
email-357,ContainsLink
email-357,HasAttachment
email-359,ContainsLink
email-360,PhishingEmailLabel
email-360,ContainsLink
email-360,HasAttachment
email-360,UrgentLanguage
email-361,ContainsLink
email-361,HasAttachment
email-362,PhishingEmailLabel
email-362,ContainsLink
email-362,HasAttachment
email-362,UrgentLanguage
email-363,ContainsLink
email-364,HasAttachment
email-365,PhishingEmailLabel
email-365,ContainsLink
email-365,HasAttachment
email-365,UrgentLanguage
email-366,PhishingEmailLabel
email-366,ContainsLink
email-366,UrgentLanguage
email-367,HasAttachment
email-368,PhishingEmailLabel
email-368,ContainsLink
email-368,UrgentLanguage
email-369,PhishingEmailLabel
email-369,ContainsLink
email-369,HasAttachment
email-369,UrgentLanguage
email-370,PhishingEmailLabel
email-370,ContainsLink
email-370,UrgentLanguage
email-371,PhishingEmailLabel
email-371,ContainsLink
email-371,UrgentLanguage
email-373,HasAttachment
email-374,HasAttachment
email-375,HasAttachment
email-376,PhishingEmailLabel
email-376,ContainsLink
email-376,UrgentLanguage
email-377,PhishingEmailLabel
email-377,ContainsLink
email-377,HasAttachment
email-377,UrgentLanguage
email-378,PhishingEmailLabel
email-378,ContainsLink
email-378,HasAttachment
email-378,UrgentLanguage
email-379,PhishingEmailLabel
email-379,ContainsLink
email-379,UrgentLanguage
email-380,PhishingEmailLabel
email-380,ContainsLink
email-380,UrgentLanguage
email-382,PhishingEmailLabel
email-382,ContainsLink
email-382,UrgentLanguage
email-383,PhishingEmailLabel
email-383,ContainsLink
email-383,UrgentLanguage
email-384,ContainsLink
email-385,PhishingEmailLabel
email-385,ContainsLink
email-385,UrgentLanguage
email-386,PhishingEmailLabel
email-386,ContainsLink
email-386,UrgentLanguage
email-387,PhishingEmailLabel
email-387,ContainsLink
email-387,HasAttachment
email-387,UrgentLanguage
email-388,ContainsLink
email-390,PhishingEmailLabel
email-390,ContainsLink
email-390,HasAttachment
email-390,UrgentLanguage
email-391,ContainsLink
email-391,HasAttachment
email-392,ContainsLink
email-394,PhishingEmailLabel
email-394,ContainsLink
email-394,HasAttachment
email-394,UrgentLanguage
email-395,PhishingEmailLabel
email-395,ContainsLink
email-395,HasAttachment
email-395,UrgentLanguage
email-396,PhishingEmailLabel
email-396,ContainsLink
email-396,HasAttachment
email-396,UrgentLanguage
email-397,PhishingEmailLabel
email-397,ContainsLink
email-397,UrgentLanguage
email-398,PhishingEmailLabel
email-398,ContainsLink
email-398,UrgentLanguage
email-399,PhishingEmailLabel
email-399,ContainsLink
email-399,UrgentLanguage
email-400,HasAttachment
email-401,PhishingEmailLabel
email-401,ContainsLink
email-401,UrgentLanguage
email-402,ContainsLink
email-404,HasAttachment
email-405,PhishingEmailLabel
email-405,ContainsLink
email-405,UrgentLanguage
email-406,PhishingEmailLabel
email-406,ContainsLink
email-406,HasAttachment
email-406,UrgentLanguage
email-407,PhishingEmailLabel
email-407,ContainsLink
email-407,UrgentLanguage
email-408,PhishingEmailLabel
email-408,ContainsLink
email-408,HasAttachment
email-408,UrgentLanguage
email-409,PhishingEmailLabel
email-409,ContainsLink
email-409,HasAttachment
email-409,UrgentLanguage
email-410,PhishingEmailLabel
email-410,ContainsLink
email-410,UrgentLanguage
email-411,ContainsLink
email-412,HasAttachment
email-413,PhishingEmailLabel
email-413,ContainsLink
email-413,UrgentLanguage
email-414,ContainsLink
email-415,ContainsLink
email-416,HasAttachment
email-417,PhishingEmailLabel
email-417,ContainsLink
email-417,HasAttachment
email-417,UrgentLanguage
email-418,PhishingEmailLabel
email-418,ContainsLink
email-418,HasAttachment
email-418,UrgentLanguage
email-419,ContainsLink
email-420,PhishingEmailLabel
email-420,ContainsLink
email-420,HasAttachment
email-420,UrgentLanguage
email-421,ContainsLink
email-421,HasAttachment
email-422,PhishingEmailLabel
email-422,ContainsLink
email-422,HasAttachment
email-422,UrgentLanguage
email-423,PhishingEmailLabel
email-423,ContainsLink
email-423,HasAttachment
email-423,UrgentLanguage
email-425,PhishingEmailLabel
email-425,ContainsLink
email-425,UrgentLanguage
email-426,ContainsLink
email-426,HasAttachment
email-427,PhishingEmailLabel
email-427,ContainsLink
email-427,UrgentLanguage
email-428,PhishingEmailLabel
email-428,ContainsLink
email-428,HasAttachment
email-428,UrgentLanguage
email-429,PhishingEmailLabel
email-429,ContainsLink
email-429,UrgentLanguage
email-430,PhishingEmailLabel
email-430,ContainsLink
email-430,HasAttachment
email-430,UrgentLanguage
email-431,ContainsLink
email-431,HasAttachment
email-432,ContainsLink
email-432,HasAttachment
email-433,PhishingEmailLabel
email-433,ContainsLink
email-433,HasAttachment
email-433,UrgentLanguage
email-434,HasAttachment
email-435,ContainsLink
email-435,HasAttachment
email-436,ContainsLink
email-437,PhishingEmailLabel
email-437,ContainsLink
email-437,HasAttachment
email-437,UrgentLanguage
email-438,HasAttachment
email-439,PhishingEmailLabel
email-439,ContainsLink
email-439,UrgentLanguage
email-440,PhishingEmailLabel
email-440,ContainsLink
email-440,UrgentLanguage
email-441,PhishingEmailLabel
email-441,ContainsLink
email-441,UrgentLanguage
email-442,ContainsLink
email-442,HasAttachment
email-443,PhishingEmailLabel
email-443,ContainsLink
email-443,UrgentLanguage
email-444,PhishingEmailLabel
email-444,ContainsLink
email-444,HasAttachment
email-444,UrgentLanguage
email-445,PhishingEmailLabel
email-445,ContainsLink
email-445,HasAttachment
email-445,UrgentLanguage
email-446,PhishingEmailLabel
email-446,ContainsLink
email-446,UrgentLanguage
email-447,PhishingEmailLabel
email-447,ContainsLink
email-447,HasAttachment
email-447,UrgentLanguage
email-450,PhishingEmailLabel
email-450,ContainsLink
email-450,UrgentLanguage
email-451,PhishingEmailLabel
email-451,ContainsLink
email-451,UrgentLanguage
email-452,HasAttachment
email-454,PhishingEmailLabel
email-454,ContainsLink
email-454,HasAttachment
email-454,UrgentLanguage
email-455,ContainsLink
email-455,HasAttachment
email-456,ContainsLink
email-457,PhishingEmailLabel
email-457,ContainsLink
email-457,UrgentLanguage
email-458,PhishingEmailLabel
email-458,ContainsLink
email-458,HasAttachment
email-458,UrgentLanguage
email-459,PhishingEmailLabel
email-459,ContainsLink
email-459,HasAttachment
email-459,UrgentLanguage
email-460,PhishingEmailLabel
email-460,ContainsLink
email-460,UrgentLanguage
email-461,ContainsLink
email-462,PhishingEmailLabel
email-462,ContainsLink
email-462,HasAttachment
email-462,UrgentLanguage
email-463,PhishingEmailLabel
email-463,ContainsLink
email-463,UrgentLanguage
email-465,ContainsLink
email-465,HasAttachment
email-466,PhishingEmailLabel
email-466,ContainsLink
email-466,UrgentLanguage
email-467,ContainsLink
email-467,HasAttachment
email-468,ContainsLink
email-468,HasAttachment
email-470,PhishingEmailLabel
email-470,ContainsLink
email-470,HasAttachment
email-470,UrgentLanguage
email-471,PhishingEmailLabel
email-471,ContainsLink
email-471,HasAttachment
email-471,UrgentLanguage
email-472,ContainsLink
email-472,HasAttachment
email-473,PhishingEmailLabel
email-473,ContainsLink
email-473,UrgentLanguage
email-474,PhishingEmailLabel
email-474,ContainsLink
email-474,UrgentLanguage
email-475,PhishingEmailLabel
email-475,ContainsLink
email-475,UrgentLanguage
email-476,HasAttachment
email-477,PhishingEmailLabel
email-477,ContainsLink
email-477,HasAttachment
email-477,UrgentLanguage
email-478,ContainsLink
email-479,PhishingEmailLabel
email-479,ContainsLink
email-479,HasAttachment
email-479,UrgentLanguage
email-480,ContainsLink
email-481,ContainsLink
email-482,ContainsLink
email-482,HasAttachment
email-483,PhishingEmailLabel
email-483,ContainsLink
email-483,UrgentLanguage
email-485,HasAttachment
email-486,PhishingEmailLabel
email-486,ContainsLink
email-486,HasAttachment
email-486,UrgentLanguage
email-487,ContainsLink
email-489,PhishingEmailLabel
email-489,ContainsLink
email-489,HasAttachment
email-489,UrgentLanguage
email-490,PhishingEmailLabel
email-490,ContainsLink
email-490,HasAttachment
email-490,UrgentLanguage
email-493,PhishingEmailLabel
email-493,ContainsLink
email-493,UrgentLanguage
email-494,ContainsLink
email-494,HasAttachment
email-495,PhishingEmailLabel
email-495,ContainsLink
email-495,UrgentLanguage
email-497,PhishingEmailLabel
email-497,ContainsLink
email-497,HasAttachment
email-497,UrgentLanguage
email-498,HasAttachment
email-499,PhishingEmailLabel
email-499,ContainsLink
email-499,UrgentLanguage
email-501,PhishingEmailLabel
email-501,ContainsLink
email-501,HasAttachment
email-501,UrgentLanguage
email-502,ContainsLink
email-502,HasAttachment
email-503,HasAttachment
email-504,ContainsLink
email-506,ContainsLink
email-506,HasAttachment
email-507,ContainsLink
email-508,ContainsLink
email-508,HasAttachment
email-509,ContainsLink
email-510,PhishingEmailLabel
email-510,ContainsLink
email-510,UrgentLanguage
email-511,ContainsLink
email-511,HasAttachment
email-512,PhishingEmailLabel
email-512,ContainsLink
email-512,HasAttachment
email-512,UrgentLanguage
email-513,HasAttachment
email-514,PhishingEmailLabel
email-514,ContainsLink
email-514,UrgentLanguage
email-515,ContainsLink
email-515,HasAttachment
email-516,PhishingEmailLabel
email-516,ContainsLink
email-516,HasAttachment
email-516,UrgentLanguage
email-517,PhishingEmailLabel
email-517,ContainsLink
email-517,UrgentLanguage
email-518,ContainsLink
email-518,HasAttachment
email-519,PhishingEmailLabel
email-519,ContainsLink
email-519,HasAttachment
email-519,UrgentLanguage
email-520,PhishingEmailLabel
email-520,ContainsLink
email-520,HasAttachment
email-520,UrgentLanguage
email-521,HasAttachment
email-522,HasAttachment
email-523,HasAttachment
email-524,PhishingEmailLabel
email-524,ContainsLink
email-524,HasAttachment
email-524,UrgentLanguage
email-525,ContainsLink
email-526,PhishingEmailLabel
email-526,ContainsLink
email-526,UrgentLanguage
email-527,ContainsLink
email-528,ContainsLink
email-528,HasAttachment
email-529,ContainsLink
email-529,HasAttachment
email-530,ContainsLink
email-530,HasAttachment
email-531,PhishingEmailLabel
email-531,ContainsLink
email-531,HasAttachment
email-531,UrgentLanguage
email-532,ContainsLink
email-532,HasAttachment
email-533,PhishingEmailLabel
email-533,ContainsLink
email-533,HasAttachment
email-533,UrgentLanguage
email-534,PhishingEmailLabel
email-534,ContainsLink
email-534,HasAttachment
email-534,UrgentLanguage
email-535,ContainsLink
email-536,PhishingEmailLabel
email-536,ContainsLink
email-536,HasAttachment
email-536,UrgentLanguage
email-538,PhishingEmailLabel
email-538,ContainsLink
email-538,HasAttachment
email-538,UrgentLanguage
email-539,ContainsLink
email-539,HasAttachment
email-540,HasAttachment
email-542,HasAttachment
email-544,PhishingEmailLabel
email-544,ContainsLink
email-544,HasAttachment
email-544,UrgentLanguage
email-545,PhishingEmailLabel
email-545,ContainsLink
email-545,HasAttachment
email-545,UrgentLanguage
email-546,PhishingEmailLabel
email-546,ContainsLink
email-546,HasAttachment
email-546,UrgentLanguage
email-547,PhishingEmailLabel
email-547,ContainsLink
email-547,UrgentLanguage
email-548,ContainsLink
email-550,PhishingEmailLabel
email-550,ContainsLink
email-550,HasAttachment
email-550,UrgentLanguage
email-551,PhishingEmailLabel
email-551,ContainsLink
email-551,UrgentLanguage
email-552,HasAttachment
email-554,HasAttachment
email-555,PhishingEmailLabel
email-555,ContainsLink
email-555,UrgentLanguage
email-556,PhishingEmailLabel
email-556,ContainsLink
email-556,HasAttachment
email-556,UrgentLanguage
email-557,ContainsLink
email-557,HasAttachment
email-558,ContainsLink
email-558,HasAttachment
email-559,ContainsLink
email-559,HasAttachment
email-560,PhishingEmailLabel
email-560,ContainsLink
email-560,UrgentLanguage
email-561,PhishingEmailLabel
email-561,ContainsLink
email-561,UrgentLanguage
email-562,PhishingEmailLabel
email-562,ContainsLink
email-562,UrgentLanguage
email-563,PhishingEmailLabel
email-563,ContainsLink
email-563,HasAttachment
email-563,UrgentLanguage
email-566,PhishingEmailLabel
email-566,ContainsLink
email-566,HasAttachment
email-566,UrgentLanguage
email-567,PhishingEmailLabel
email-567,ContainsLink
email-567,HasAttachment
email-567,UrgentLanguage
email-568,HasAttachment
email-569,PhishingEmailLabel
email-569,ContainsLink
email-569,UrgentLanguage
email-570,PhishingEmailLabel
email-570,ContainsLink
email-570,UrgentLanguage
email-571,PhishingEmailLabel
email-571,ContainsLink
email-571,UrgentLanguage
email-572,ContainsLink
email-572,HasAttachment
email-573,ContainsLink
email-574,PhishingEmailLabel
email-574,ContainsLink
email-574,UrgentLanguage
email-575,HasAttachment
email-577,HasAttachment
email-578,PhishingEmailLabel
email-578,ContainsLink
email-578,UrgentLanguage
email-579,PhishingEmailLabel
email-579,ContainsLink
email-579,UrgentLanguage
email-580,PhishingEmailLabel
email-580,ContainsLink
email-580,UrgentLanguage
email-581,PhishingEmailLabel
email-581,ContainsLink
email-581,HasAttachment
email-581,UrgentLanguage
email-582,HasAttachment
email-584,ContainsLink
email-586,PhishingEmailLabel
email-586,ContainsLink
email-586,HasAttachment
email-586,UrgentLanguage
email-587,PhishingEmailLabel
email-587,ContainsLink
email-587,HasAttachment
email-587,UrgentLanguage
email-588,ContainsLink
email-589,PhishingEmailLabel
email-589,ContainsLink
email-589,UrgentLanguage
email-590,PhishingEmailLabel
email-590,ContainsLink
email-590,HasAttachment
email-590,UrgentLanguage
email-591,HasAttachment
email-592,PhishingEmailLabel
email-592,ContainsLink
email-592,HasAttachment
email-592,UrgentLanguage
email-593,PhishingEmailLabel
email-593,ContainsLink
email-593,HasAttachment
email-593,UrgentLanguage
email-594,PhishingEmailLabel
email-594,ContainsLink
email-594,UrgentLanguage
email-595,ContainsLink
email-596,PhishingEmailLabel
email-596,ContainsLink
email-596,HasAttachment
email-596,UrgentLanguage
email-597,PhishingEmailLabel
email-597,ContainsLink
email-597,HasAttachment
email-597,UrgentLanguage
email-598,HasAttachment
email-599,PhishingEmailLabel
email-599,ContainsLink
email-599,HasAttachment
email-599,UrgentLanguage
email-600,PhishingEmailLabel
email-600,ContainsLink
email-600,HasAttachment
email-600,UrgentLanguage
email-601,PhishingEmailLabel
email-601,ContainsLink
email-601,UrgentLanguage
email-602,PhishingEmailLabel
email-602,ContainsLink
email-602,UrgentLanguage
email-604,PhishingEmailLabel
email-604,ContainsLink
email-604,UrgentLanguage
email-605,PhishingEmailLabel
email-605,ContainsLink
email-605,UrgentLanguage
email-606,PhishingEmailLabel
email-606,ContainsLink
email-606,HasAttachment
email-606,UrgentLanguage
email-607,PhishingEmailLabel
email-607,ContainsLink
email-607,HasAttachment
email-607,UrgentLanguage
email-608,ContainsLink
email-608,HasAttachment
email-609,PhishingEmailLabel
email-609,ContainsLink
email-609,HasAttachment
email-609,UrgentLanguage
email-612,PhishingEmailLabel
email-612,ContainsLink
email-612,HasAttachment
email-612,UrgentLanguage
email-613,PhishingEmailLabel
email-613,ContainsLink
email-613,UrgentLanguage
email-614,PhishingEmailLabel
email-614,ContainsLink
email-614,UrgentLanguage
email-615,HasAttachment
email-616,PhishingEmailLabel
email-616,ContainsLink
email-616,HasAttachment
email-616,UrgentLanguage
email-617,PhishingEmailLabel
email-617,ContainsLink
email-617,HasAttachment
email-617,UrgentLanguage
email-618,ContainsLink
email-618,HasAttachment
email-619,PhishingEmailLabel
email-619,ContainsLink
email-619,UrgentLanguage
email-620,PhishingEmailLabel
email-620,ContainsLink
email-620,UrgentLanguage
email-621,PhishingEmailLabel
email-621,ContainsLink
email-621,HasAttachment
email-621,UrgentLanguage
email-622,PhishingEmailLabel
email-622,ContainsLink
email-622,HasAttachment
email-622,UrgentLanguage
email-623,HasAttachment
email-624,PhishingEmailLabel
email-624,ContainsLink
email-624,HasAttachment
email-624,UrgentLanguage
email-625,PhishingEmailLabel
email-625,ContainsLink
email-625,UrgentLanguage
email-626,ContainsLink
email-627,PhishingEmailLabel
email-627,ContainsLink
email-627,UrgentLanguage
email-628,ContainsLink
email-628,HasAttachment
email-630,HasAttachment
email-632,HasAttachment
email-633,PhishingEmailLabel
email-633,ContainsLink
email-633,HasAttachment
email-633,UrgentLanguage
email-634,PhishingEmailLabel
email-634,ContainsLink
email-634,UrgentLanguage
email-635,PhishingEmailLabel
email-635,ContainsLink
email-635,HasAttachment
email-635,UrgentLanguage
email-636,ContainsLink
email-637,ContainsLink
email-638,PhishingEmailLabel
email-638,ContainsLink
email-638,HasAttachment
email-638,UrgentLanguage
email-639,PhishingEmailLabel
email-639,ContainsLink
email-639,HasAttachment
email-639,UrgentLanguage
email-641,HasAttachment
email-642,ContainsLink
email-643,PhishingEmailLabel
email-643,ContainsLink
email-643,HasAttachment
email-643,UrgentLanguage
email-644,PhishingEmailLabel
email-644,ContainsLink
email-644,UrgentLanguage
email-645,PhishingEmailLabel
email-645,ContainsLink
email-645,HasAttachment
email-645,UrgentLanguage
email-647,PhishingEmailLabel
email-647,ContainsLink
email-647,HasAttachment
email-647,UrgentLanguage
email-649,PhishingEmailLabel
email-649,ContainsLink
email-649,UrgentLanguage
email-650,ContainsLink
email-651,PhishingEmailLabel
email-651,ContainsLink
email-651,UrgentLanguage
email-652,ContainsLink
email-653,HasAttachment
email-654,PhishingEmailLabel
email-654,ContainsLink
email-654,HasAttachment
email-654,UrgentLanguage
email-655,ContainsLink
email-655,HasAttachment
email-656,ContainsLink
email-657,PhishingEmailLabel
email-657,ContainsLink
email-657,UrgentLanguage
email-658,HasAttachment
email-659,ContainsLink
email-660,PhishingEmailLabel
email-660,ContainsLink
email-660,HasAttachment
email-660,UrgentLanguage
email-661,PhishingEmailLabel
email-661,ContainsLink
email-661,HasAttachment
email-661,UrgentLanguage
email-662,PhishingEmailLabel
email-662,ContainsLink
email-662,HasAttachment
email-662,UrgentLanguage
email-663,ContainsLink
email-663,HasAttachment
email-664,PhishingEmailLabel
email-664,ContainsLink
email-664,UrgentLanguage
email-665,PhishingEmailLabel
email-665,ContainsLink
email-665,HasAttachment
email-665,UrgentLanguage
email-667,HasAttachment
email-668,PhishingEmailLabel
email-668,ContainsLink
email-668,UrgentLanguage
email-669,PhishingEmailLabel
email-669,ContainsLink
email-669,UrgentLanguage
email-670,ContainsLink
email-671,PhishingEmailLabel
email-671,ContainsLink
email-671,UrgentLanguage
email-672,PhishingEmailLabel
email-672,ContainsLink
email-672,UrgentLanguage
email-673,PhishingEmailLabel
email-673,ContainsLink
email-673,HasAttachment
email-673,UrgentLanguage
email-674,ContainsLink
email-675,HasAttachment
email-676,PhishingEmailLabel
email-676,ContainsLink
email-676,UrgentLanguage
email-677,ContainsLink
email-677,HasAttachment
email-678,ContainsLink
email-678,HasAttachment
email-679,PhishingEmailLabel
email-679,ContainsLink
email-679,UrgentLanguage
email-680,ContainsLink
email-681,HasAttachment
email-682,PhishingEmailLabel
email-682,ContainsLink
email-682,HasAttachment
email-682,UrgentLanguage
email-683,ContainsLink
email-683,HasAttachment
email-684,PhishingEmailLabel
email-684,ContainsLink
email-684,HasAttachment
email-684,UrgentLanguage
email-685,ContainsLink
email-686,PhishingEmailLabel
email-686,ContainsLink
email-686,HasAttachment
email-686,UrgentLanguage
email-687,ContainsLink
email-689,PhishingEmailLabel
email-689,ContainsLink
email-689,HasAttachment
email-689,UrgentLanguage
email-690,HasAttachment
email-691,PhishingEmailLabel
email-691,ContainsLink
email-691,HasAttachment
email-691,UrgentLanguage
email-692,PhishingEmailLabel
email-692,ContainsLink
email-692,UrgentLanguage
email-693,ContainsLink
email-694,ContainsLink
email-695,PhishingEmailLabel
email-695,ContainsLink
email-695,UrgentLanguage
email-696,PhishingEmailLabel
email-696,ContainsLink
email-696,HasAttachment
email-696,UrgentLanguage
email-697,ContainsLink
email-697,HasAttachment
email-698,PhishingEmailLabel
email-698,ContainsLink
email-698,UrgentLanguage
email-699,PhishingEmailLabel
email-699,ContainsLink
email-699,UrgentLanguage
email-701,ContainsLink
email-702,PhishingEmailLabel
email-702,ContainsLink
email-702,UrgentLanguage
email-703,PhishingEmailLabel
email-703,ContainsLink
email-703,UrgentLanguage
email-704,HasAttachment
email-705,PhishingEmailLabel
email-705,ContainsLink
email-705,UrgentLanguage
email-706,HasAttachment
email-707,PhishingEmailLabel
email-707,ContainsLink
email-707,UrgentLanguage
email-709,PhishingEmailLabel
email-709,ContainsLink
email-709,UrgentLanguage
email-710,PhishingEmailLabel
email-710,ContainsLink
email-710,HasAttachment
email-710,UrgentLanguage
email-711,HasAttachment
email-712,PhishingEmailLabel
email-712,ContainsLink
email-712,UrgentLanguage
email-713,PhishingEmailLabel
email-713,ContainsLink
email-713,UrgentLanguage
email-714,HasAttachment
email-715,ContainsLink
email-715,HasAttachment
email-716,PhishingEmailLabel
email-716,ContainsLink
email-716,HasAttachment
email-716,UrgentLanguage
email-717,HasAttachment
email-718,ContainsLink
email-719,PhishingEmailLabel
email-719,ContainsLink
email-719,HasAttachment
email-719,UrgentLanguage
email-721,PhishingEmailLabel
email-721,ContainsLink
email-721,UrgentLanguage
email-722,PhishingEmailLabel
email-722,ContainsLink
email-722,UrgentLanguage
email-723,ContainsLink
email-724,PhishingEmailLabel
email-724,ContainsLink
email-724,UrgentLanguage
email-725,PhishingEmailLabel
email-725,ContainsLink
email-725,UrgentLanguage
email-726,PhishingEmailLabel
email-726,ContainsLink
email-726,HasAttachment
email-726,UrgentLanguage
email-727,ContainsLink
email-728,PhishingEmailLabel
email-728,ContainsLink
email-728,UrgentLanguage
email-729,PhishingEmailLabel
email-729,ContainsLink
email-729,HasAttachment
email-729,UrgentLanguage
email-730,HasAttachment
email-731,HasAttachment
email-732,HasAttachment
email-733,PhishingEmailLabel
email-733,ContainsLink
email-733,UrgentLanguage
email-734,PhishingEmailLabel
email-734,ContainsLink
email-734,HasAttachment
email-734,UrgentLanguage
email-735,PhishingEmailLabel
email-735,ContainsLink
email-735,UrgentLanguage
email-736,ContainsLink
email-737,HasAttachment
email-738,ContainsLink
email-739,ContainsLink
email-739,HasAttachment
email-740,PhishingEmailLabel
email-740,ContainsLink
email-740,HasAttachment
email-740,UrgentLanguage
email-742,PhishingEmailLabel
email-742,ContainsLink
email-742,HasAttachment
email-742,UrgentLanguage
email-743,PhishingEmailLabel
email-743,ContainsLink
email-743,HasAttachment
email-743,UrgentLanguage
email-744,HasAttachment
email-745,ContainsLink
email-746,PhishingEmailLabel
email-746,ContainsLink
email-746,UrgentLanguage
email-747,PhishingEmailLabel
email-747,ContainsLink
email-747,UrgentLanguage
email-748,ContainsLink
email-748,HasAttachment
email-751,ContainsLink
email-751,HasAttachment
email-752,ContainsLink
email-753,ContainsLink
email-754,ContainsLink
email-755,PhishingEmailLabel
email-755,ContainsLink
email-755,UrgentLanguage
email-756,PhishingEmailLabel
email-756,ContainsLink
email-756,UrgentLanguage
email-757,HasAttachment
email-758,PhishingEmailLabel
email-758,ContainsLink
email-758,HasAttachment
email-758,UrgentLanguage
email-759,PhishingEmailLabel
email-759,ContainsLink
email-759,HasAttachment
email-759,UrgentLanguage
email-760,PhishingEmailLabel
email-760,ContainsLink
email-760,UrgentLanguage
email-761,ContainsLink
email-761,HasAttachment
email-762,PhishingEmailLabel
email-762,ContainsLink
email-762,HasAttachment
email-762,UrgentLanguage
email-763,PhishingEmailLabel
email-763,ContainsLink
email-763,HasAttachment
email-763,UrgentLanguage
email-764,PhishingEmailLabel
email-764,ContainsLink
email-764,UrgentLanguage
email-765,PhishingEmailLabel
email-765,ContainsLink
email-765,HasAttachment
email-765,UrgentLanguage
email-766,PhishingEmailLabel
email-766,ContainsLink
email-766,HasAttachment
email-766,UrgentLanguage
email-768,ContainsLink
email-769,PhishingEmailLabel
email-769,ContainsLink
email-769,UrgentLanguage
email-770,PhishingEmailLabel
email-770,ContainsLink
email-770,HasAttachment
email-770,UrgentLanguage
email-771,PhishingEmailLabel
email-771,ContainsLink
email-771,UrgentLanguage
email-772,HasAttachment
email-773,HasAttachment
email-774,PhishingEmailLabel
email-774,ContainsLink
email-774,HasAttachment
email-774,UrgentLanguage
email-775,PhishingEmailLabel
email-775,ContainsLink
email-775,UrgentLanguage
email-776,ContainsLink
email-776,HasAttachment
email-777,PhishingEmailLabel
email-777,ContainsLink
email-777,HasAttachment
email-777,UrgentLanguage
email-778,ContainsLink
email-779,HasAttachment
email-780,HasAttachment
email-781,ContainsLink
email-782,ContainsLink
email-782,HasAttachment
email-783,ContainsLink
email-784,PhishingEmailLabel
email-784,ContainsLink
email-784,UrgentLanguage
email-785,PhishingEmailLabel
email-785,ContainsLink
email-785,HasAttachment
email-785,UrgentLanguage
email-786,PhishingEmailLabel
email-786,ContainsLink
email-786,UrgentLanguage
email-787,PhishingEmailLabel
email-787,ContainsLink
email-787,UrgentLanguage
email-788,PhishingEmailLabel
email-788,ContainsLink
email-788,HasAttachment
email-788,UrgentLanguage
email-789,PhishingEmailLabel
email-789,ContainsLink
email-789,UrgentLanguage
email-790,ContainsLink
email-790,HasAttachment
email-791,HasAttachment
email-792,PhishingEmailLabel
email-792,ContainsLink
email-792,UrgentLanguage
email-793,ContainsLink
email-794,PhishingEmailLabel
email-794,ContainsLink
email-794,HasAttachment
email-794,UrgentLanguage
email-795,PhishingEmailLabel
email-795,ContainsLink
email-795,UrgentLanguage
email-796,PhishingEmailLabel
email-796,ContainsLink
email-796,HasAttachment
email-796,UrgentLanguage
email-797,PhishingEmailLabel
email-797,ContainsLink
email-797,HasAttachment
email-797,UrgentLanguage
email-798,PhishingEmailLabel
email-798,ContainsLink
email-798,HasAttachment
email-798,UrgentLanguage
email-799,ContainsLink
email-799,HasAttachment
email-800,ContainsLink
email-800,HasAttachment
