urlId,indicator
url-1,PaymentKeywordSignal
url-4,PaymentKeywordSignal
url-5,PaymentKeywordSignal
url-9,PasswordInputSignal
url-11,PaymentKeywordSignal
url-12,SuspiciousUrlLabel
url-12,InsecureHTTP
url-13,PasswordInputSignal
url-13,PaymentKeywordSignal
url-15,PaymentKeywordSignal
url-18,PaymentKeywordSignal
url-19,PasswordInputSignal
url-19,PaymentKeywordSignal
url-20,PaymentKeywordSignal
url-21,SuspiciousUrlLabel
url-21,InsecureHTTP
url-22,SuspiciousUrlLabel
url-22,InsecureHTTP
url-23,PaymentKeywordSignal
url-25,PaymentKeywordSignal
url-27,PaymentKeywordSignal
url-28,SuspiciousUrlLabel
url-29,SuspiciousUrlLabel
url-29,InsecureHTTP
url-30,SuspiciousUrlLabel
url-31,PaymentKeywordSignal
url-32,SuspiciousUrlLabel
url-32,PasswordInputSignal
url-33,SuspiciousUrlLabel
url-33,InsecureHTTP
url-34,PasswordInputSignal
url-35,SuspiciousUrlLabel
url-36,PasswordInputSignal
url-36,PaymentKeywordSignal
url-37,PasswordInputSignal
url-37,PaymentKeywordSignal
url-38,SuspiciousUrlLabel
url-38,InsecureHTTP
url-40,SuspiciousUrlLabel
url-40,InsecureHTTP
url-41,SuspiciousUrlLabel
url-41,InsecureHTTP
url-42,SuspiciousUrlLabel
url-43,PaymentKeywordSignal
url-44,PasswordInputSignal
url-45,SuspiciousUrlLabel
url-46,SuspiciousUrlLabel
url-48,PaymentKeywordSignal
url-50,SuspiciousUrlLabel
url-50,InsecureHTTP
url-51,SuspiciousUrlLabel
url-52,PasswordInputSignal
url-52,PaymentKeywordSignal
url-53,SuspiciousUrlLabel
url-54,PaymentKeywordSignal
url-55,SuspiciousUrlLabel
url-55,InsecureHTTP
url-56,PaymentKeywordSignal
url-57,PasswordInputSignal
url-57,PaymentKeywordSignal
url-58,SuspiciousUrlLabel
url-59,PaymentKeywordSignal
url-60,SuspiciousUrlLabel
url-61,SuspiciousUrlLabel
url-61,InsecureHTTP
url-63,PaymentKeywordSignal
url-69,SuspiciousUrlLabel
url-69,InsecureHTTP
url-70,SuspiciousUrlLabel
url-70,InsecureHTTP
url-71,PaymentKeywordSignal
url-72,SuspiciousUrlLabel
url-72,InsecureHTTP
url-73,SuspiciousUrlLabel
url-73,InsecureHTTP
url-74,SuspiciousUrlLabel
url-75,PaymentKeywordSignal
url-76,PaymentKeywordSignal
url-78,SuspiciousUrlLabel
url-80,PasswordInputSignal
url-80,PaymentKeywordSignal
url-81,SuspiciousUrlLabel
url-83,SuspiciousUrlLabel
url-83,InsecureHTTP
url-84,SuspiciousUrlLabel
url-84,InsecureHTTP
url-85,PaymentKeywordSignal
url-86,PasswordInputSignal
url-86,PaymentKeywordSignal
url-88,SuspiciousUrlLabel
url-89,PaymentKeywordSignal
url-91,PaymentKeywordSignal
url-92,SuspiciousUrlLabel
url-92,InsecureHTTP
url-93,SuspiciousUrlLabel
url-97,PaymentKeywordSignal
url-100,PasswordInputSignal
url-101,SuspiciousUrlLabel
url-102,SuspiciousUrlLabel
url-104,SuspiciousUrlLabel
url-104,InsecureHTTP
url-105,SuspiciousUrlLabel
url-106,PaymentKeywordSignal
url-107,PaymentKeywordSignal
url-109,SuspiciousUrlLabel
url-110,SuspiciousUrlLabel
url-110,InsecureHTTP
url-114,PaymentKeywordSignal
url-115,SuspiciousUrlLabel
url-116,PaymentKeywordSignal
url-119,PasswordInputSignal
url-119,PaymentKeywordSignal
url-121,SuspiciousUrlLabel
url-122,SuspiciousUrlLabel
url-124,SuspiciousUrlLabel
url-124,InsecureHTTP
url-126,SuspiciousUrlLabel
url-126,InsecureHTTP
url-127,SuspiciousUrlLabel
url-130,SuspiciousUrlLabel
url-130,InsecureHTTP
url-131,PaymentKeywordSignal
url-132,PasswordInputSignal
url-133,SuspiciousUrlLabel
url-133,InsecureHTTP
url-138,SuspiciousUrlLabel
url-138,InsecureHTTP
url-139,SuspiciousUrlLabel
url-139,InsecureHTTP
url-144,PaymentKeywordSignal
url-145,SuspiciousUrlLabel
url-147,PasswordInputSignal
url-148,SuspiciousUrlLabel
url-148,InsecureHTTP
url-150,SuspiciousUrlLabel
url-152,SuspiciousUrlLabel
url-152,InsecureHTTP
url-155,SuspiciousUrlLabel
url-155,InsecureHTTP
url-156,SuspiciousUrlLabel
url-156,InsecureHTTP
url-157,SuspiciousUrlLabel
url-157,InsecureHTTP
url-157,PasswordInputSignal
url-158,SuspiciousUrlLabel
url-158,InsecureHTTP
url-159,SuspiciousUrlLabel
url-160,SuspiciousUrlLabel
url-160,InsecureHTTP
url-161,SuspiciousUrlLabel
url-162,SuspiciousUrlLabel
url-163,SuspiciousUrlLabel
url-163,InsecureHTTP
url-164,SuspiciousUrlLabel
url-165,SuspiciousUrlLabel
url-166,SuspiciousUrlLabel
url-166,InsecureHTTP
url-167,SuspiciousUrlLabel
url-167,InsecureHTTP
url-168,SuspiciousUrlLabel
url-168,InsecureHTTP
url-169,SuspiciousUrlLabel
url-169,InsecureHTTP
url-170,SuspiciousUrlLabel
url-170,InsecureHTTP
url-171,SuspiciousUrlLabel
url-171,InsecureHTTP
url-172,SuspiciousUrlLabel
url-172,InsecureHTTP
url-173,SuspiciousUrlLabel
url-174,SuspiciousUrlLabel
url-174,InsecureHTTP
url-175,SuspiciousUrlLabel
url-176,SuspiciousUrlLabel
url-177,SuspiciousUrlLabel
url-177,InsecureHTTP
url-178,SuspiciousUrlLabel
url-179,SuspiciousUrlLabel
url-179,InsecureHTTP
url-180,SuspiciousUrlLabel
url-181,SuspiciousUrlLabel
url-181,InsecureHTTP
url-182,SuspiciousUrlLabel
url-182,InsecureHTTP
url-183,SuspiciousUrlLabel
url-183,InsecureHTTP
url-184,SuspiciousUrlLabel
url-184,InsecureHTTP
url-185,SuspiciousUrlLabel
url-186,SuspiciousUrlLabel
url-186,InsecureHTTP
url-187,SuspiciousUrlLabel
url-188,SuspiciousUrlLabel
url-188,InsecureHTTP
url-189,SuspiciousUrlLabel
url-189,InsecureHTTP
url-190,SuspiciousUrlLabel
url-190,InsecureHTTP
url-191,SuspiciousUrlLabel
url-192,SuspiciousUrlLabel
url-193,SuspiciousUrlLabel
url-193,InsecureHTTP
url-194,SuspiciousUrlLabel
url-194,InsecureHTTP
url-195,SuspiciousUrlLabel
url-195,PaymentKeywordSignal
url-196,SuspiciousUrlLabel
url-196,InsecureHTTP
url-197,SuspiciousUrlLabel
url-197,PasswordInputSignal
url-198,SuspiciousUrlLabel
url-198,InsecureHTTP
url-199,SuspiciousUrlLabel
url-199,InsecureHTTP
url-200,SuspiciousUrlLabel
url-200,InsecureHTTP
url-201,SuspiciousUrlLabel
url-202,SuspiciousUrlLabel
url-203,SuspiciousUrlLabel
url-204,SuspiciousUrlLabel
url-205,SuspiciousUrlLabel
url-206,SuspiciousUrlLabel
url-206,InsecureHTTP
url-207,SuspiciousUrlLabel
url-207,InsecureHTTP
url-208,SuspiciousUrlLabel
url-209,SuspiciousUrlLabel
url-210,SuspiciousUrlLabel
url-211,SuspiciousUrlLabel
url-211,InsecureHTTP
url-212,SuspiciousUrlLabel
url-212,InsecureHTTP
url-213,SuspiciousUrlLabel
url-213,InsecureHTTP
url-214,SuspiciousUrlLabel
url-214,InsecureHTTP
url-215,SuspiciousUrlLabel
url-215,InsecureHTTP
url-216,SuspiciousUrlLabel
url-216,InsecureHTTP
url-217,SuspiciousUrlLabel
url-218,SuspiciousUrlLabel
url-218,InsecureHTTP
url-219,SuspiciousUrlLabel
url-220,SuspiciousUrlLabel
url-220,InsecureHTTP
url-221,SuspiciousUrlLabel
url-221,InsecureHTTP
url-221,PaymentKeywordSignal
url-222,SuspiciousUrlLabel
url-222,InsecureHTTP
url-223,SuspiciousUrlLabel
url-223,InsecureHTTP
url-224,SuspiciousUrlLabel
url-224,InsecureHTTP
url-225,SuspiciousUrlLabel
url-225,InsecureHTTP
url-226,SuspiciousUrlLabel
url-227,SuspiciousUrlLabel
url-227,InsecureHTTP
url-228,SuspiciousUrlLabel
url-228,InsecureHTTP
url-229,SuspiciousUrlLabel
url-229,PasswordInputSignal
url-229,PaymentKeywordSignal
url-230,SuspiciousUrlLabel
url-231,SuspiciousUrlLabel
url-232,SuspiciousUrlLabel
url-233,SuspiciousUrlLabel
url-234,SuspiciousUrlLabel
url-234,InsecureHTTP
url-235,SuspiciousUrlLabel
url-236,SuspiciousUrlLabel
url-237,SuspiciousUrlLabel
url-238,SuspiciousUrlLabel
url-238,InsecureHTTP
url-239,SuspiciousUrlLabel
url-240,SuspiciousUrlLabel
url-240,InsecureHTTP
url-241,SuspiciousUrlLabel
url-241,InsecureHTTP
url-242,SuspiciousUrlLabel
url-242,InsecureHTTP
url-243,SuspiciousUrlLabel
url-244,SuspiciousUrlLabel
url-244,InsecureHTTP
url-245,SuspiciousUrlLabel
url-246,SuspiciousUrlLabel
url-247,SuspiciousUrlLabel
url-248,SuspiciousUrlLabel
url-248,InsecureHTTP
url-249,SuspiciousUrlLabel
url-249,InsecureHTTP
url-249,PaymentKeywordSignal
url-250,SuspiciousUrlLabel
url-251,SuspiciousUrlLabel
url-251,InsecureHTTP
url-252,SuspiciousUrlLabel
url-252,InsecureHTTP
url-253,SuspiciousUrlLabel
url-254,SuspiciousUrlLabel
url-254,InsecureHTTP
url-255,SuspiciousUrlLabel
url-255,InsecureHTTP
url-256,SuspiciousUrlLabel
url-256,InsecureHTTP
url-257,SuspiciousUrlLabel
url-258,SuspiciousUrlLabel
url-259,SuspiciousUrlLabel
url-260,SuspiciousUrlLabel
url-260,InsecureHTTP
url-261,SuspiciousUrlLabel
url-261,InsecureHTTP
url-262,SuspiciousUrlLabel
url-262,InsecureHTTP
url-263,SuspiciousUrlLabel
url-263,InsecureHTTP
url-264,SuspiciousUrlLabel
url-265,SuspiciousUrlLabel
url-265,InsecureHTTP
url-266,SuspiciousUrlLabel
url-266,InsecureHTTP
url-267,SuspiciousUrlLabel
url-268,SuspiciousUrlLabel
url-268,InsecureHTTP
url-269,SuspiciousUrlLabel
url-269,PaymentKeywordSignal
url-270,SuspiciousUrlLabel
url-271,SuspiciousUrlLabel
url-271,InsecureHTTP
url-272,SuspiciousUrlLabel
url-273,SuspiciousUrlLabel
url-273,PaymentKeywordSignal
url-274,SuspiciousUrlLabel
url-275,SuspiciousUrlLabel
url-275,InsecureHTTP
url-276,SuspiciousUrlLabel
url-277,SuspiciousUrlLabel
url-278,SuspiciousUrlLabel
url-279,SuspiciousUrlLabel
url-280,SuspiciousUrlLabel
url-280,InsecureHTTP
url-281,SuspiciousUrlLabel
url-282,SuspiciousUrlLabel
url-283,SuspiciousUrlLabel
url-283,InsecureHTTP
url-284,SuspiciousUrlLabel
url-285,SuspiciousUrlLabel
url-286,SuspiciousUrlLabel
url-286,InsecureHTTP
url-287,SuspiciousUrlLabel
url-287,InsecureHTTP
url-288,SuspiciousUrlLabel
url-288,InsecureHTTP
url-289,SuspiciousUrlLabel
url-289,InsecureHTTP
url-290,SuspiciousUrlLabel
url-290,InsecureHTTP
url-291,SuspiciousUrlLabel
url-291,InsecureHTTP
url-292,SuspiciousUrlLabel
url-292,InsecureHTTP
url-293,SuspiciousUrlLabel
url-293,InsecureHTTP
url-294,SuspiciousUrlLabel
url-294,InsecureHTTP
url-294,PaymentKeywordSignal
url-295,SuspiciousUrlLabel
url-295,InsecureHTTP
url-296,SuspiciousUrlLabel
url-297,SuspiciousUrlLabel
url-297,InsecureHTTP
url-298,SuspiciousUrlLabel
url-298,InsecureHTTP
url-299,SuspiciousUrlLabel
url-299,InsecureHTTP
url-300,SuspiciousUrlLabel
url-301,SuspiciousUrlLabel
url-302,SuspiciousUrlLabel
url-303,SuspiciousUrlLabel
url-303,InsecureHTTP
url-304,SuspiciousUrlLabel
url-304,PasswordInputSignal
url-304,PaymentKeywordSignal
url-305,SuspiciousUrlLabel
url-305,InsecureHTTP
url-306,SuspiciousUrlLabel
url-306,InsecureHTTP
url-307,SuspiciousUrlLabel
url-307,InsecureHTTP
url-308,SuspiciousUrlLabel
url-308,InsecureHTTP
url-309,SuspiciousUrlLabel
url-310,SuspiciousUrlLabel
url-310,InsecureHTTP
url-311,SuspiciousUrlLabel
url-311,InsecureHTTP
url-312,SuspiciousUrlLabel
url-312,InsecureHTTP
url-313,SuspiciousUrlLabel
url-313,InsecureHTTP
url-314,SuspiciousUrlLabel
url-314,InsecureHTTP
url-315,SuspiciousUrlLabel
url-315,InsecureHTTP
url-316,SuspiciousUrlLabel
url-316,InsecureHTTP
url-317,SuspiciousUrlLabel
url-317,InsecureHTTP
url-318,SuspiciousUrlLabel
url-318,InsecureHTTP
url-319,SuspiciousUrlLabel
url-320,SuspiciousUrlLabel
url-321,SuspiciousUrlLabel
url-321,InsecureHTTP
url-322,SuspiciousUrlLabel
url-322,InsecureHTTP
url-323,SuspiciousUrlLabel
url-323,InsecureHTTP
url-324,SuspiciousUrlLabel
url-325,SuspiciousUrlLabel
url-325,PasswordInputSignal
url-325,PaymentKeywordSignal
url-326,SuspiciousUrlLabel
url-326,InsecureHTTP
url-327,SuspiciousUrlLabel
url-327,InsecureHTTP
url-328,SuspiciousUrlLabel
url-328,InsecureHTTP
url-329,SuspiciousUrlLabel
url-329,InsecureHTTP
url-330,SuspiciousUrlLabel
url-330,InsecureHTTP
url-331,SuspiciousUrlLabel
url-331,InsecureHTTP
url-332,SuspiciousUrlLabel
url-333,SuspiciousUrlLabel
url-333,InsecureHTTP
url-334,SuspiciousUrlLabel
url-334,InsecureHTTP
url-335,SuspiciousUrlLabel
url-335,InsecureHTTP
url-336,SuspiciousUrlLabel
url-336,InsecureHTTP
url-337,SuspiciousUrlLabel
url-337,InsecureHTTP
url-338,SuspiciousUrlLabel
url-338,InsecureHTTP
url-339,SuspiciousUrlLabel
url-340,SuspiciousUrlLabel
url-340,InsecureHTTP
url-341,SuspiciousUrlLabel
url-342,SuspiciousUrlLabel
url-342,InsecureHTTP
url-343,SuspiciousUrlLabel
url-343,PaymentKeywordSignal
url-344,SuspiciousUrlLabel
url-344,InsecureHTTP
url-345,SuspiciousUrlLabel
url-345,InsecureHTTP
url-346,SuspiciousUrlLabel
url-347,SuspiciousUrlLabel
url-347,InsecureHTTP
url-348,SuspiciousUrlLabel
url-349,SuspiciousUrlLabel
url-350,SuspiciousUrlLabel
url-350,InsecureHTTP
url-351,SuspiciousUrlLabel
url-351,InsecureHTTP
url-352,SuspiciousUrlLabel
url-352,InsecureHTTP
url-353,SuspiciousUrlLabel
url-354,SuspiciousUrlLabel
url-355,SuspiciousUrlLabel
url-355,InsecureHTTP
url-356,SuspiciousUrlLabel
url-356,InsecureHTTP
url-357,SuspiciousUrlLabel
url-358,SuspiciousUrlLabel
url-359,SuspiciousUrlLabel
url-359,InsecureHTTP
url-360,SuspiciousUrlLabel
url-361,SuspiciousUrlLabel
url-362,SuspiciousUrlLabel
url-362,InsecureHTTP
url-363,SuspiciousUrlLabel
url-363,InsecureHTTP
url-364,SuspiciousUrlLabel
url-365,SuspiciousUrlLabel
url-366,SuspiciousUrlLabel
url-367,SuspiciousUrlLabel
url-367,InsecureHTTP
url-368,SuspiciousUrlLabel
url-368,InsecureHTTP
url-369,SuspiciousUrlLabel
url-370,SuspiciousUrlLabel
url-371,SuspiciousUrlLabel
url-371,InsecureHTTP
url-372,SuspiciousUrlLabel
url-372,InsecureHTTP
url-373,SuspiciousUrlLabel
url-373,InsecureHTTP
url-374,SuspiciousUrlLabel
url-374,InsecureHTTP
url-375,SuspiciousUrlLabel
url-375,InsecureHTTP
url-376,SuspiciousUrlLabel
url-376,InsecureHTTP
url-377,SuspiciousUrlLabel
url-377,InsecureHTTP
url-378,SuspiciousUrlLabel
url-378,InsecureHTTP
url-379,SuspiciousUrlLabel
url-380,SuspiciousUrlLabel
url-381,SuspiciousUrlLabel
url-382,SuspiciousUrlLabel
url-383,SuspiciousUrlLabel
url-383,InsecureHTTP
url-384,SuspiciousUrlLabel
url-385,SuspiciousUrlLabel
url-385,InsecureHTTP
url-386,SuspiciousUrlLabel
url-386,InsecureHTTP
url-387,SuspiciousUrlLabel
url-387,InsecureHTTP
url-388,SuspiciousUrlLabel
url-388,InsecureHTTP
url-389,SuspiciousUrlLabel
url-390,SuspiciousUrlLabel
url-390,InsecureHTTP
url-391,SuspiciousUrlLabel
url-392,SuspiciousUrlLabel
url-393,SuspiciousUrlLabel
url-394,SuspiciousUrlLabel
url-394,InsecureHTTP
url-395,SuspiciousUrlLabel
url-395,InsecureHTTP
url-396,SuspiciousUrlLabel
url-397,SuspiciousUrlLabel
url-398,SuspiciousUrlLabel
url-399,SuspiciousUrlLabel
url-400,SuspiciousUrlLabel
url-400,InsecureHTTP
