urlId,url,domain,label
url-1,https://www.southbankmosaics.com,www.southbankmosaics.com,1
url-2,https://www.uni-mainz.de,www.uni-mainz.de,1
url-3,https://www.voicefmradio.co.uk,www.voicefmradio.co.uk,1
url-4,https://www.sfnmjournal.com,www.sfnmjournal.com,1
url-5,https://www.rewildingargentina.org,www.rewildingargentina.org,1
url-6,https://www.globalreporting.org,www.globalreporting.org,1
url-7,https://www.saffronart.com,www.saffronart.com,1
url-8,https://www.nerdscandy.com,www.nerdscandy.com,1
url-9,https://www.hyderabadonline.in,www.hyderabadonline.in,1
url-10,https://www.aap.org,www.aap.org,1
url-11,https://www.religionenlibertad.com,www.religionenlibertad.com,1
url-12,http://www.teramill.com,www.teramill.com,0
url-13,https://www.socialpolicy.org,www.socialpolicy.org,1
url-14,https://www.aoh61.com,www.aoh61.com,1
url-15,https://www.bulgariaski.com,www.bulgariaski.com,1
url-16,https://www.brightika.com,www.brightika.com,1
url-17,https://www.motley.ie,www.motley.ie,1
url-18,https://www.funzine.hu,www.funzine.hu,1
url-19,https://www.dixxon.com,www.dixxon.com,1
url-20,https://www.ooty.ind.in,www.ooty.ind.in,1
url-21,http://www.f0519141.xsph.ru,www.f0519141.xsph.ru,0
url-22,http://www.shprakserf.gq,www.shprakserf.gq,0
url-23,https://www.cryptocompare.com,www.cryptocompare.com,1
url-24,https://www.diariodealmeria.es,www.diariodealmeria.es,1
url-25,https://www.town.minamichita.lg.jp,www.town.minamichita.lg.jp,1
url-26,https://www.bwresearch.com,www.bwresearch.com,1
url-27,https://www.musicvideoproduction.guru,www.musicvideoproduction.guru,1
url-28,https://service-mitld.firebaseapp.com/,service-mitld.firebaseapp.com,0
url-29,http://www.kuradox92.lima-city.de,www.kuradox92.lima-city.de,0
url-30,https://liuy-9a930.web.app/,liuy-9a930.web.app,0
url-31,https://www.landed.com,www.landed.com,1
url-32,https://ipfs.io/ipfs/qmrvvyr84esa2assw9vvwupqjgsdn4c3dwkusfdwzdz3kn?clientid=noc@protocol.ai,ipfs.io,0
url-33,http://att-103731-107123.weeblysite.com/,att-103731-107123.weeblysite.com,0
url-34,https://www.bikeseoul.com,www.bikeseoul.com,1
url-35,https://hidok4f8zl.firebaseapp.com/,hidok4f8zl.firebaseapp.com,0
url-36,https://www.ibeani.co.uk,www.ibeani.co.uk,1
url-37,https://www.metroretrovintage.com,www.metroretrovintage.com,1
url-38,http://www.ooguy.com,www.ooguy.com,0
url-39,https://www.vysor.io,www.vysor.io,1
url-40,http://www.fairytalesinc.com,www.fairytalesinc.com,0
url-41,http://www.iuhjn.pplink.club,www.iuhjn.pplink.club,0
url-42,https://mechinchem-5cb8a.web.app/,mechinchem-5cb8a.web.app,0
url-43,https://www.salutlive.com,www.salutlive.com,1
url-44,https://www.recettessimples.fr,www.recettessimples.fr,1
url-45,https://fb-restriction-case-97be5.web.app/,fb-restriction-case-97be5.web.app,0
url-46,https://pontosapontamentolu.com/gclid/=/c/?gclid=ishecabh95cvbhb1eiwagy6m4vn7url3tlj5m_nu__lcyj4n06pqquydbh-56148buwwbmv7k1qejboci-isjw5_kiq,pontosapontamentolu.com,0
url-47,https://www.ainewsletter.com,www.ainewsletter.com,1
url-48,https://www.marrugeku.com.au,www.marrugeku.com.au,1
url-49,https://www.sweatdrop.com,www.sweatdrop.com,1
url-50,http://www.komaru.today,www.komaru.today,0
url-51,https://dev-634536.pantheonsite.io/,dev-634536.pantheonsite.io,0
url-52,https://www.senacases.com,www.senacases.com,1
url-53,https://sabadonoappmagazine.com/,sabadonoappmagazine.com,0
url-54,https://www.vespatales.com,www.vespatales.com,1
url-55,http://www.nextraload.com,www.nextraload.com,0
url-56,https://www.klerk.ru,www.klerk.ru,1
url-57,https://www.karenmillen.com,www.karenmillen.com,1
url-58,https://topaka.cloud/ob52gtplj/18snwp,topaka.cloud,0
url-59,https://www.mlpack.org,www.mlpack.org,1
url-60,https://metafb-tvz6efk.web.app/,metafb-tvz6efk.web.app,0
url-61,http://www.hesselawchambers.com,www.hesselawchambers.com,0
url-62,https://www.schmitzfotografia.com.br,www.schmitzfotografia.com.br,1
url-63,https://www.lanereport.com,www.lanereport.com,1
url-64,https://www.spg.pt,www.spg.pt,1
url-65,https://www.coraevans.com,www.coraevans.com,1
url-66,https://www.torahmates.org,www.torahmates.org,1
url-67,https://www.larepublica.co,www.larepublica.co,1
url-68,https://www.pimpim.lt,www.pimpim.lt,1
url-69,http://www.httpzen.fairhash.org,www.httpzen.fairhash.org,0
url-70,http://www.cjplogger.com,www.cjplogger.com,0
url-71,https://www.radware.com,www.radware.com,1
url-72,http://www.erlegen.de,www.erlegen.de,0
url-73,http://www.f0535398.xsph.ru,www.f0535398.xsph.ru,0
url-74,https://ggsexpole.web.app/,ggsexpole.web.app,0
url-75,https://www.classfmonline.com,www.classfmonline.com,1
url-76,https://www.cornerstoneinsurance.ca,www.cornerstoneinsurance.ca,1
url-77,https://www.varzesh3.com,www.varzesh3.com,1
url-78,https://s3.amazonaws.com/appforest_uf/f1678949673383x832048620362898600/index%20%284%29.html,s3.amazonaws.com,0
url-79,https://www.medicalplasticsnews.com,www.medicalplasticsnews.com,1
url-80,https://www.gitguardian.com,www.gitguardian.com,1
url-81,https://ormvoixregl1.firebaseapp.com/,ormvoixregl1.firebaseapp.com,0
url-82,https://www.crowncenter.com,www.crowncenter.com,1
url-83,http://nmve.xyz/,nmve.xyz,0
url-84,http://www.maytheday.oss-ap-southeast-2.aliyuncs.com,www.maytheday.oss-ap-southeast-2.aliyuncs.com,0
url-85,https://www.dancetheyard.org,www.dancetheyard.org,1
url-86,https://www.olly.com,www.olly.com,1
url-87,https://www.naturalearthdata.com,www.naturalearthdata.com,1
url-88,https://att-104164.weeblysite.com/,att-104164.weeblysite.com,0
url-89,https://www.frdc.com.au,www.frdc.com.au,1
url-90,https://www.lukul.sk,www.lukul.sk,1
url-91,https://www.cityparkapp.pl,www.cityparkapp.pl,1
url-92,http://tkmowpikuk.owl4fsrch.club/vnafvra97w/?q=3717065149&id=100,tkmowpikuk.owl4fsrch.club,0
url-93,https://a04854e8-0cca-4b74-80e6-aacb14a4a5f7.id.repl.co,a04854e8-0cca-4b74-80e6-aacb14a4a5f7.id.repl.co,0
url-94,https://www.scandlines.dk,www.scandlines.dk,1
url-95,https://www.hskonline.com,www.hskonline.com,1
url-96,https://www.nutritioncare.org,www.nutritioncare.org,1
url-97,https://www.tileandstonejournal.com,www.tileandstonejournal.com,1
url-98,https://www.c.line-design.fr,www.c.line-design.fr,1
url-99,https://www.capeblancoheritagesociety.com,www.capeblancoheritagesociety.com,1
url-100,https://www.caterinaperez.com,www.caterinaperez.com,1
url-101,https://auth-document-shared.datingg-voice.workers.dev/,auth-document-shared.datingg-voice.workers.dev,0
url-102,https://mail-service-100960.weeblysite.com/,mail-service-100960.weeblysite.com,0
url-103,https://www.aqr.com,www.aqr.com,1
url-104,http://www.a0646498.xsph.ru,www.a0646498.xsph.ru,0
url-105,https://helpadcase1002405739503874569.web.app/,helpadcase1002405739503874569.web.app,0
url-106,https://www.poundingtherock.com,www.poundingtherock.com,1
url-107,https://www.kellerberrin.wa.gov.au,www.kellerberrin.wa.gov.au,1
url-108,https://www.stadtgarten.de,www.stadtgarten.de,1
url-109,https://noxioussweetconnections.carisss.repl.co/,noxioussweetconnections.carisss.repl.co,0
url-110,http://www.jerode.ga,www.jerode.ga,0
url-111,https://www.ytv.co.jp,www.ytv.co.jp,1
url-112,https://www.today.uci.edu,www.today.uci.edu,1
url-113,https://www.spket.com,www.spket.com,1
url-114,https://www.americanauctioneers.com,www.americanauctioneers.com,1
url-115,https://yrislfnb.qpoe.com/,yrislfnb.qpoe.com,0
url-116,https://www.heramission.space,www.heramission.space,1
url-117,https://www.circlek.org,www.circlek.org,1
url-118,https://www.gunsmokenet.com,www.gunsmokenet.com,1
url-119,https://www.bocajnarima.com,www.bocajnarima.com,1
url-120,https://www.raw-health-coach.com,www.raw-health-coach.com,1
url-121,https://soah-b6mz-v.firebaseapp.com/,soah-b6mz-v.firebaseapp.com,0
url-122,https://www.dlrect-smtb.jp.ap1.ib.commetryx.com/ibg/client/index_sp.php,www.dlrect-smtb.jp.ap1.ib.commetryx.com,0
url-123,https://www.estamos.de,www.estamos.de,1
url-124,http://www.b7a3a060b75c7dcba9c1078d4ead51f0dc.ws,www.b7a3a060b75c7dcba9c1078d4ead51f0dc.ws,0
url-125,https://www.airlinesupports.com,www.airlinesupports.com,1
url-126,http://198.98.58.123/,198.98.58.123,0
url-127,https://ipfs.io/ipfs/bafybeidmmks6ka5vki6djnohox7mminfrzcjkw2mowpft7xtu2sjyxzi64/ufx!xch@,ipfs.io,0
url-128,https://www.ackerstadtpalast.de,www.ackerstadtpalast.de,1
url-129,https://www.mro.nmt.edu,www.mro.nmt.edu,1
url-130,http://www.aresync.com,www.aresync.com,0
url-131,https://www.shopfiire.com,www.shopfiire.com,1
url-132,https://www.doc88.com,www.doc88.com,1
url-133,http://www.jab.oss-ap-southeast-1.aliyuncs.com,www.jab.oss-ap-southeast-1.aliyuncs.com,0
url-134,https://www.hee.nhs.uk,www.hee.nhs.uk,1
url-135,https://www.secondgeargames.com,www.secondgeargames.com,1
url-136,https://www.usbirthcertificates.com,www.usbirthcertificates.com,1
url-137,https://www.dslweb.de,www.dslweb.de,1
url-138,http://www.constructiongst.com,www.constructiongst.com,0
url-139,http://www.westleyr.cf,www.westleyr.cf,0
url-140,https://www.021.rs,www.021.rs,1
url-141,https://www.brainy.games,www.brainy.games,1
url-142,https://www.irgendwie-nerdig.de,www.irgendwie-nerdig.de,1
url-143,https://www.peachstatearchaeologicalsociety.org,www.peachstatearchaeologicalsociety.org,1
url-144,https://www.jazzmasters.nl,www.jazzmasters.nl,1
url-145,https://syk1pe9wox.firebaseapp.com/,syk1pe9wox.firebaseapp.com,0
url-146,https://www.londondesignbiennale.com,www.londondesignbiennale.com,1
url-147,https://www.honneur-au-scoutisme.com,www.honneur-au-scoutisme.com,1
url-148,http://glaze-maple-pantry.glitch.me/link.html,glaze-maple-pantry.glitch.me,0
url-149,https://www.leonardodavinci.net,www.leonardodavinci.net,1
url-150,https://host-authoritsaativeax.mefound.com/,host-authoritsaativeax.mefound.com,0
url-151,https://www.art.yale.edu,www.art.yale.edu,1
url-152,http://www.securitycamera-at-2022.life,www.securitycamera-at-2022.life,0
url-153,https://www.isuog.org,www.isuog.org,1
url-154,https://www.hostmaster.ua,www.hostmaster.ua,1
url-155,http://www.l3a40b16a45b1120615b5d1cc655d7da4a.ws,www.l3a40b16a45b1120615b5d1cc655d7da4a.ws,0
url-156,http://www.pwuxmeudaj.cf,www.pwuxmeudaj.cf,0
url-157,http://forcedie17.temp.swtest.ru/postounatou/postounatou/post/login/login.php,forcedie17.temp.swtest.ru,0
url-158,http://www.sebastians.cf,www.sebastians.cf,0
url-159,https://acesseonline-fevereiro.net/luiza/?userid=&uri=atzkkwfy5s23fyuju9p+tmvfudyjnultmi2mrlcv9tg=,acesseonline-fevereiro.net,0
url-160,http://otwtmbrotq.duckdns.org,otwtmbrotq.duckdns.org,0
url-161,https://att-104569.weeblysite.com/,att-104569.weeblysite.com,0
url-162,https://perte-dimension.web.app/,perte-dimension.web.app,0
url-163,http://www.gmarket.system-ns.org,www.gmarket.system-ns.org,0
url-164,https://btopenworldwebmailing.square.site/,btopenworldwebmailing.square.site,0
url-165,https://visualize-detalhes-online.com/luiza/?userid=13&amp;uri=xudbvbjytdk,visualize-detalhes-online.com,0
url-166,http://www.fgurb.cannca.shop,www.fgurb.cannca.shop,0
url-167,http://www.bsd.fbcode.co,www.bsd.fbcode.co,0
url-168,http://www.stmfl.com,www.stmfl.com,0
url-169,http://www.walemi.com,www.walemi.com,0
url-170,http://www.anilreddydev.github.io,www.anilreddydev.github.io,0
url-171,http://www.madpath.com,www.madpath.com,0
url-172,http://www.hoststudio.org,www.hoststudio.org,0
url-173,https://am2fcu.firebaseapp.com/,am2fcu.firebaseapp.com,0
url-174,http://www.f0534243.xsph.ru,www.f0534243.xsph.ru,0
url-175,https://www.claimbestdeal.com/disdis/ms-otlook/,www.claimbestdeal.com,0
url-176,https://ebnkng-ch2.wrkbenchh.com/aktualisieren/,ebnkng-ch2.wrkbenchh.com,0
url-177,http://www.ideardonot.top,www.ideardonot.top,0
url-178,https://www.ethmining.info/#/,www.ethmining.info,0
url-179,http://www.web2.hashgains.com,www.web2.hashgains.com,0
url-180,https://onlinequranteaching.com/public/nzvjez64c8hpxfn8g6hdvff8yzdyhhfo,onlinequranteaching.com,0
url-181,http://www.mail-nepalarmy-mil-np-login-download.netlify.app,www.mail-nepalarmy-mil-np-login-download.netlify.app,0
url-182,http://www.hfdkegjsd.ru.xsph.ru,www.hfdkegjsd.ru.xsph.ru,0
url-183,http://www.googleimg.top,www.googleimg.top,0
url-184,http://ianacurtis.rmxcontabilidade.com.br,ianacurtis.rmxcontabilidade.com.br,0
url-185,https://s.amazenru-jp.com,s.amazenru-jp.com,0
url-186,http://www.wifizone.org,www.wifizone.org,0
url-187,https://rfde-107a7.web.app/,rfde-107a7.web.app,0
url-188,http://vinted-pl-gj32d.lanru.top/authorize/1662975258698217,vinted-pl-gj32d.lanru.top,0
url-189,http://www.sikhsiyasatapp.net,www.sikhsiyasatapp.net,0
url-190,http://www.pony4.microsoftups.com,www.pony4.microsoftups.com,0
url-191,https://objectstorage.ap-singapore-1.oraclecloud.com/n/axo19n6cjxrb/b/bucket-20230214-2330/o/bigialopopoqueueindex.html,objectstorage.ap-singapore-1.oraclecloud.com,0
url-192,https://eth-pos.cc/#/,eth-pos.cc,0
url-193,http://www.play.stream.vidzi.tv,www.play.stream.vidzi.tv,0
url-194,http://www.mw.lt,www.mw.lt,0
url-195,https://uniswap-event.org/,uniswap-event.org,0
url-196,http://www.beemail.online,www.beemail.online,0
url-197,https://storageapi.fleek.co/0c4f1bc1-9bd4-4d7b-89b5-a58736a465bd-bucket/customindex.html,storageapi.fleek.co,0
url-198,http://burghdogs.com/landmarkcuauth,burghdogs.com,0
url-199,http://www.915783.com,www.915783.com,0
url-200,http://www.na1.player1532.com,www.na1.player1532.com,0
url-201,https://fb-business-appeal-4066b.web.app/,fb-business-appeal-4066b.web.app,0
url-202,https://attcom-102201.square.site/,attcom-102201.square.site,0
url-203,https://upyq8ess.dreamwp.com/dkskat/,upyq8ess.dreamwp.com,0
url-204,https://fb-business-appeal-57a8f.firebaseapp.com/,fb-business-appeal-57a8f.firebaseapp.com,0
url-205,https://s.id/tanaktualisierung,s.id,0
url-206,http://www.web-design.review,www.web-design.review,0
url-207,http://www.thenaijatimes.com,www.thenaijatimes.com,0
url-208,https://support-management-76454.web.app/,support-management-76454.web.app,0
url-209,https://www.faewood.com,www.faewood.com,0
url-210,https://maidlier.godaddysites.com/,maidlier.godaddysites.com,0
url-211,http://www.amazceczm-co-jp.amazaeocn.50220.top/,www.amazceczm-co-jp.amazaeocn.50220.top,0
url-212,http://www.registroinformado.bar,www.registroinformado.bar,0
url-213,http://www.tradeadspace.info,www.tradeadspace.info,0
url-214,http://con2dapps.com,con2dapps.com,0
url-215,http://bafybeibkgor6o4si6frcggxpnkpmanvk77xarnbvnzv5orsjlmefg3yqhm.ipfs.dweb.link/,bafybeibkgor6o4si6frcggxpnkpmanvk77xarnbvnzv5orsjlmefg3yqhm.ipfs.dweb.link,0
url-216,http://dorainsurance.com/auth.php?md=rougtfxanjhlhnskbpqm&rougtfxanjhlhnskbpqm,dorainsurance.com,0
url-217,https://objectstorage.eu-frankfurt-1.oraclecloud.com/n/frqb89kadgqt/b/56657483933/o/microsoftonline.htm,objectstorage.eu-frankfurt-1.oraclecloud.com,0
url-218,http://www.multipoolminer.io,www.multipoolminer.io,0
url-219,https://ennsttsqau.square.site/,ennsttsqau.square.site,0
url-220,http://www.zelmao.ga,www.zelmao.ga,0
url-221,http://1636365.com/assets/@popperjs.36402333.js/assets/@ctrl.fd318bfa.js/assets/@ctrl.b082b0c1.js/assets/@vueuse.7ab573ac.js/,1636365.com,0
url-222,http://www.suxjweyfb.gq,www.suxjweyfb.gq,0
url-223,http://www.rebelthumb.net,www.rebelthumb.net,0
url-224,http://www.hujgsks.com,www.hujgsks.com,0
url-225,http://inviosped-titolare.com/,inviosped-titolare.com,0
url-226,https://superrefund183798.firebaseapp.com/,superrefund183798.firebaseapp.com,0
url-227,http://www.amazon.co.jp.infotoop.shop/,www.amazon.co.jp.infotoop.shop,0
url-228,http://www.fatura-sorgu.com,www.fatura-sorgu.com,0
url-229,https://bafybeifoddplyecsl2dh4zyar2ezujaxdo2lfwscy5gh2tsdvvquuqn5ia.ipfs.dweb.link/,bafybeifoddplyecsl2dh4zyar2ezujaxdo2lfwscy5gh2tsdvvquuqn5ia.ipfs.dweb.link,0
url-230,https://tiny.one/ing9488,tiny.one,0
url-231,https://roundcube-updatealx.web.app/,roundcube-updatealx.web.app,0
url-232,https://dev-sistemaitauenlinea.pantheonsite.io/,dev-sistemaitauenlinea.pantheonsite.io,0
url-233,https://business-confirm-appeal-ceac6.firebaseapp.com/,business-confirm-appeal-ceac6.firebaseapp.com,0
url-234,http://proximusannulationfacture.com,proximusannulationfacture.com,0
url-235,http://43.134.167.94/servicelogin?passive=1209600&amp;continue=https://accounts.google.com/?&amp;xrealip=107.178.232.242&amp;followup=https://accounts.google.com/?&amp;xrealip=107.178.232.242,43.134.167.94,0
url-236,https://docs.google.com/forms/d/1casphevkfdaz2okqj70wdai3pdwwg1weh_rpk9v0z3a/viewform,docs.google.com,0
url-237,https://nowgamesentergo.com/gala/index.php?userid=&a=vluxe6wpwmhaqkvucany77j9xsqx8ajvtfuwsdhtkga=,nowgamesentergo.com,0
url-238,http://www.lkj.welco.live,www.lkj.welco.live,0
url-239,https://vistory.com/wordpress/wp-content/plugins/f30d43ea1d474f2cbb0d9e5611b16702/y/mm/mmd/sbbch/7wa-taboun/,vistory.com,0
url-240,http://www.dcpan.blocktrail.com,www.dcpan.blocktrail.com,0
url-241,http://www.exp-api.beeppool.org,www.exp-api.beeppool.org,0
url-242,http://www.frissoncourier.com,www.frissoncourier.com,0
url-243,https://sas-3fa.web.app/,sas-3fa.web.app,0
url-244,http://www.desentupidorasuperhidro.com,www.desentupidorasuperhidro.com,0
url-245,https://shop.woodfermliving.com/s/g4y9,shop.woodfermliving.com,0
url-246,https://attmailbservice.weebly.com/,attmailbservice.weebly.com,0
url-247,https://www.info-saiisosn-cards.txjmxfa.cn/web/sign,www.info-saiisosn-cards.txjmxfa.cn,0
url-248,http://www.clinicafresa20.com,www.clinicafresa20.com,0
url-249,http://metmask-wallet-io.godaddysites.com,metmask-wallet-io.godaddysites.com,0
url-250,https://dfss-40827.firebaseapp.com/,dfss-40827.firebaseapp.com,0
url-251,http://sync-rectificationerrors.org,sync-rectificationerrors.org,0
url-252,http://chieuphan-bdshotram.com/webs/,chieuphan-bdshotram.com,0
url-253,https://upadeonlive.web.app/,upadeonlive.web.app,0
url-254,http://www.theron-resource-group.com,www.theron-resource-group.com,0
url-255,http://www.amazceom-co-jp.amaczeon.kaifangjilu.top/,www.amazceom-co-jp.amaczeon.kaifangjilu.top,0
url-256,http://cpanel10wh.bkk1.cloud.z.com/~cp785288/hlep/login/billing.php?verify_account=session=nl&amp;c9af20c816b1cce4f06368be3327e297=&amp;dispatch=15464ad822e0af50d3b1df6196cac08a9e8edfbd,cpanel10wh.bkk1.cloud.z.com,0
url-257,https://att-104275.weeblysite.com/,att-104275.weeblysite.com,0
url-258,https://yahmail7.godaddysites.com/,yahmail7.godaddysites.com,0
url-259,https://www.ekie-nat.ekaste.bhwkke.top/load.php,www.ekie-nat.ekaste.bhwkke.top,0
url-260,http://www.certificationshq.net/net/flix/,www.certificationshq.net,0
url-261,http://mstable.net/,mstable.net,0
url-262,http://bitly.ws/znyb,bitly.ws,0
url-263,http://getdrop.live,getdrop.live,0
url-264,https://is.gd/bhb74h,is.gd,0
url-265,http://www.keliweb.it,www.keliweb.it,0
url-266,http://www.baagii.sportsnewsa.net,www.baagii.sportsnewsa.net,0
url-267,https://att-107210-109856.weeblysite.com/,att-107210-109856.weeblysite.com,0
url-268,http://cn52393.tw1.ru/ups/login/details.php,cn52393.tw1.ru,0
url-269,https://webmail-102101.weeblysite.com/,webmail-102101.weeblysite.com,0
url-270,https://adobe1023.web.app/,adobe1023.web.app,0
url-271,http://www.working.hotmail-onlines.com,www.working.hotmail-onlines.com,0
url-272,https://asociaciongalicia--portalonlinee.repl.co/,asociaciongalicia--portalonlinee.repl.co,0
url-273,https://wwwinfoview.xinhuopay.com/jp.php,wwwinfoview.xinhuopay.com,0
url-274,https://consultarviaportal-online1.net/luiza/home.php?userid=&amp;uri=vwnsgafuxftthejwzctodrzis8sj3ktd2nbxi4rpc9i=,consultarviaportal-online1.net,0
url-275,http://www.fahrzeughero.online,www.fahrzeughero.online,0
url-276,https://tamtilo.firebaseapp.com/,tamtilo.firebaseapp.com,0
url-277,https://amusingunrulyinterfacestandard.tradertrading.repl.co/data.php,amusingunrulyinterfacestandard.tradertrading.repl.co,0
url-278,https://poscaro.firebaseapp.com/,poscaro.firebaseapp.com,0
url-279,https://s3.ap-southeast-1.wasabisys.com/mailbusiness/appsuite/tlyappioox/mailfolderdefault9/inbox.html#redacted@abuse.ionos.com,s3.ap-southeast-1.wasabisys.com,0
url-280,http://www.alma.apple.cloudns.org,www.alma.apple.cloudns.org,0
url-281,https://home-bt-login-103078-108358.weeblysite.com/,home-bt-login-103078-108358.weeblysite.com,0
url-282,https://bacthanh0204.github.io/dangnhapfacebook/,bacthanh0204.github.io,0
url-283,http://www.campbella.ga,www.campbella.ga,0
url-284,https://lowes-solicitors.co.uk/ch/panel/,lowes-solicitors.co.uk,0
url-285,https://0be49829-cf8a-4de9-8e29-99db17acb685.id.repl.co/,0be49829-cf8a-4de9-8e29-99db17acb685.id.repl.co,0
url-286,http://www.gutmanng.cf,www.gutmanng.cf,0
url-287,http://www.alnooncars-kw.com,www.alnooncars-kw.com,0
url-288,http://www.oop.urlfb.co,www.oop.urlfb.co,0
url-289,http://www.ws030.hemnes.win,www.ws030.hemnes.win,0
url-290,http://greglindbergnews-staging.org/.well-known/,greglindbergnews-staging.org,0
url-291,http://www.coincube.io,www.coincube.io,0
url-292,http://www.asegzawal.com,www.asegzawal.com,0
url-293,http://www.talentos-sa.com,www.talentos-sa.com,0
url-294,http://7054company.github.io/etherumwallet,7054company.github.io,0
url-295,http://www.officialhex-go.com/,www.officialhex-go.com,0
url-296,https://dev-8765rfgui.pantheonsite.io/index1.html,dev-8765rfgui.pantheonsite.io,0
url-297,http://www.rator.oss-ap-southeast-5.aliyuncs.com,www.rator.oss-ap-southeast-5.aliyuncs.com,0
url-298,http://www.glassesofwine.com,www.glassesofwine.com,0
url-299,http://www.unblock-proxy.com,www.unblock-proxy.com,0
url-300,https://mail-101447.weeblysite.com/,mail-101447.weeblysite.com,0
url-301,https://atandt-dynamic-iamlrr-lrrcontroller-iam-op.yolasite.com/,atandt-dynamic-iamlrr-lrrcontroller-iam-op.yolasite.com,0
url-302,https://ngvnrhb.top/jp,ngvnrhb.top,0
url-303,http://www.noc.su,www.noc.su,0
url-304,https://industrialguataemalabanktujgi.quarguatmela51.repl.co/,industrialguataemalabanktujgi.quarguatmela51.repl.co,0
url-305,http://www.clientcentre.net,www.clientcentre.net,0
url-306,http://65695fac.wmctc.uk/?serv=rafal.szczecin.pl,65695fac.wmctc.uk,0
url-307,http://www.yahgodz.com,www.yahgodz.com,0
url-308,http://www.co.blocktrail.com,www.co.blocktrail.com,0
url-309,https://euygy.square.site/,euygy.square.site,0
url-310,http://www.ganymed.beeppool.org,www.ganymed.beeppool.org,0
url-311,http://www.f0540908.xsph.ru,www.f0540908.xsph.ru,0
url-312,http://www.automan-1301476296.cos.eu-moscow.myqcloud.com,www.automan-1301476296.cos.eu-moscow.myqcloud.com,0
url-313,http://utente-login-online.66-29-145-227.cprapid.com/it/index.php?&amp;sessionid=9d30164cdeb61a4caaff2d044a3fd599,utente-login-online.66-29-145-227.cprapid.com,0
url-314,http://www.aleksandartaskov.com,www.aleksandartaskov.com,0
url-315,http://vi-hted.9078090.xyz/arlahjp0/technical-works,vi-hted.9078090.xyz,0
url-316,http://smolverse2-free.xyz,smolverse2-free.xyz,0
url-317,http://uaedubaiflying.com/i8pcct,uaedubaiflying.com,0
url-318,http://www.bobijnvidit.xyz,www.bobijnvidit.xyz,0
url-319,https://bio.site/h3h84j9f59jf84j674bnf7s2,bio.site,0
url-320,https://caomega.com/sps/loge/,caomega.com,0
url-321,http://www.helpmicrosoft.net,www.helpmicrosoft.net,0
url-322,http://feito-para-voce-ltau.com,feito-para-voce-ltau.com,0
url-323,http://www.whoer.net,www.whoer.net,0
url-324,https://jnlklknlknlk.agilecrm.com/landing/5390662233292800,jnlklknlknlk.agilecrm.com,0
url-325,https://terapiaespecializada.es/mtb/app/verify.php,terapiaespecializada.es,0
url-326,http://www.christopher-cloos.com,www.christopher-cloos.com,0
url-327,http://u1965047.plsk.regruhosting.ru/10/,u1965047.plsk.regruhosting.ru,0
url-328,http://www.ns1.eimaragon.org,www.ns1.eimaragon.org,0
url-329,http://www.nogiledeneli.ru,www.nogiledeneli.ru,0
url-330,http://www.hnsmhbkj.com,www.hnsmhbkj.com,0
url-331,http://www.kueronekayaeotn.co.jp.kuerocekayacaoto.zgfiab.top/ai,www.kueronekayaeotn.co.jp.kuerocekayacaoto.zgfiab.top,0
url-332,https://yodsecinserv.firebaseapp.com/,yodsecinserv.firebaseapp.com,0
url-333,http://www.static.phongay.com,www.static.phongay.com,0
url-334,http://www.kovasrot.cz,www.kovasrot.cz,0
url-335,http://www.fistfulofeuros.org,www.fistfulofeuros.org,0
url-336,http://www.spiritsoundart.net,www.spiritsoundart.net,0
url-337,http://btconnect-8a0479.webflow.io/,btconnect-8a0479.webflow.io,0
url-338,http://www.iamgr.com,www.iamgr.com,0
url-339,https://credit-agricole-2023.prohoster.biz/a26076bb0263160/region.php?particulier,credit-agricole-2023.prohoster.biz,0
url-340,http://www.amazcon-co-jp.amazocm.rzecrq.top/,www.amazcon-co-jp.amazocm.rzecrq.top,0
url-341,https://greenprocapitol.com/web/king/postoo.php,greenprocapitol.com,0
url-342,http://www.tgfdj.com,www.tgfdj.com,0
url-343,https://bankkofameriicalogin.accountnotificationupdate.workers.dev/,bankkofameriicalogin.accountnotificationupdate.workers.dev,0
url-344,http://www.amazcazm-co-jp.amazococn.fotoforce.cn/,www.amazcazm-co-jp.amazococn.fotoforce.cn,0
url-345,http://www.reco.ws,www.reco.ws,0
url-346,https://a13c909610-c45b-11ed-96b6-fd31cd80905cpersonas.transaccional2.repl.co/?jj,a13c909610-c45b-11ed-96b6-fd31cd80905cpersonas.transaccional2.repl.co,0
url-347,http://tazanews18.in,tazanews18.in,0
url-348,https://metaappeal-0321031040120412--preview-name-b0hv11cw.web.app/,metaappeal-0321031040120412--preview-name-b0hv11cw.web.app,0
url-349,https://inc-106190.weeblysite.com/,inc-106190.weeblysite.com,0
url-350,http://www.fapecalijobutaka.biz,www.fapecalijobutaka.biz,0
url-351,http://dfjhjhjb2.com/?fds21fds54fds54sd,dfjhjhjb2.com,0
url-352,http://www.polevoyton.store,www.polevoyton.store,0
url-353,https://dev-sbdjsdbabsefuridaaa.pantheonsite.io/token3.php,dev-sbdjsdbabsefuridaaa.pantheonsite.io,0
url-354,https://www.ekli-nat.ekinrt.dduuwm.top/load.php,www.ekli-nat.ekinrt.dduuwm.top,0
url-355,http://app-parallel-fi.netlify.app,app-parallel-fi.netlify.app,0
url-356,http://www.ecolerubanvert.com,www.ecolerubanvert.com,0
url-357,https://app.box.com/s/x6agocx9zvj049azirk4aw3xrqdedqhl,app.box.com,0
url-358,https://antai-gouv.net/,antai-gouv.net,0
url-359,http://www.geoplugin.net,www.geoplugin.net,0
url-360,https://storageapi.fleek.co/b620e7da-f4f5-4e6e-8d8e-8c4c3783180b-bucket/vat11/index.html#a@b.com,storageapi.fleek.co,0
url-361,https://ewsd-c8b4a.firebaseapp.com/,ewsd-c8b4a.firebaseapp.com,0
url-362,http://www.zxporter.com,www.zxporter.com,0
url-363,http://www.soulpowerlive.com,www.soulpowerlive.com,0
url-364,https://b8a1cfb3-bf93-4cce-951a-37f0e25b9eba.id.repl.co,b8a1cfb3-bf93-4cce-951a-37f0e25b9eba.id.repl.co,0
url-365,https://accepupdeting.start.page/,accepupdeting.start.page,0
url-366,https://86e345login.weebly.com/,86e345login.weebly.com,0
url-367,http://www.lookingbeautifulall-ways.com,www.lookingbeautifulall-ways.com,0
url-368,http://www.kueronakayaeotn.co.jp.kuerocekayaoooto.hamult.top/jp.php,www.kueronakayaeotn.co.jp.kuerocekayaoooto.hamult.top,0
url-369,https://shrtco.de/1d9yeo,shrtco.de,0
url-370,https://forkgalicialne.ourgal1ci4logc.repl.co/,forkgalicialne.ourgal1ci4logc.repl.co,0
url-371,http://www.t-mobile-sso.net,www.t-mobile-sso.net,0
url-372,http://www.thomasreany.com,www.thomasreany.com,0
url-373,http://fti.unmerpas.ac.id/wp-admin/user/webgenkic/investopia/index.php?email=get@get.get,fti.unmerpas.ac.id,0
url-374,http://www.silverbell.000space.com,www.silverbell.000space.com,0
url-375,http://mail.jila.se///vex7/hinet.html,mail.jila.se,0
url-376,http://www.thor.blocktrail.com,www.thor.blocktrail.com,0
url-377,http://www.tzafrir.org.il,www.tzafrir.org.il,0
url-378,http://www.hexe.in,www.hexe.in,0
url-379,https://myparcel-7da57.firebaseapp.com/,myparcel-7da57.firebaseapp.com,0
url-380,https://terzilertaksi.com/index2.html,terzilertaksi.com,0
url-381,https://next-pail.surge.sh/,next-pail.surge.sh,0
url-382,https://ihpost-dispatch.5768765.xyz/aqfzj1n1,ihpost-dispatch.5768765.xyz,0
url-383,http://www.amazcazzm-co-jp.amazococn.50220.top/,www.amazcazzm-co-jp.amazococn.50220.top,0
url-384,https://ejjud0.wixsite.com/attt,ejjud0.wixsite.com,0
url-385,http://www.uslugi.mahallafond.com,www.uslugi.mahallafond.com,0
url-386,http://www.campbellz.cf,www.campbellz.cf,0
url-387,http://www.mediahitech.com,www.mediahitech.com,0
url-388,http://www.migturxe01.me,www.migturxe01.me,0
url-389,https://vitotvo.com/wp-admin/abd/adobe/be,vitotvo.com,0
url-390,http://utente-login-online.66-29-145-227.cprapid.com/,utente-login-online.66-29-145-227.cprapid.com,0
url-391,https://unrealisticultimatelogin.yaahoosegurif.repl.co/index3.html,unrealisticultimatelogin.yaahoosegurif.repl.co,0
url-392,https://fluop-sruety-phaially.yolasite.com/,fluop-sruety-phaially.yolasite.com,0
url-393,https://sefcu.firebaseapp.com/,sefcu.firebaseapp.com,0
url-394,http://www.sutherlendu.cf,www.sutherlendu.cf,0
url-395,http://www.ossemfim.top,www.ossemfim.top,0
url-396,https://verify-io.web.app/,verify-io.web.app,0
url-397,https://tatteredraggedtoolbox.atentos2230.repl.co/,tatteredraggedtoolbox.atentos2230.repl.co,0
url-398,https://49e4a8d3-0bb3-46fb-a2b6-26ea6e7661aa.id.repl.co/,49e4a8d3-0bb3-46fb-a2b6-26ea6e7661aa.id.repl.co,0
url-399,https://treasureddevgadfdhlp.supurinfornet.repl.co/,treasureddevgadfdhlp.supurinfornet.repl.co,0
url-400,http://www.downtraff.com,www.downtraff.com,0
